Date,Customers,Temperature,Event,EventNum
2021-01-04,102,20.7,,0
2021-01-05,435,20.9,,0
2021-01-06,348,21.0,,0
2021-01-07,270,21.2,,0
2021-01-08,106,21.4,,0
2021-01-09,71,21.5,,0
2021-01-10,189,21.7,,0
2021-01-11,21,21.9,成人の日,1
2021-01-12,103,22.0,,0
2021-01-13,122,22.2,,0
2021-01-14,467,22.4,,0
2021-01-15,215,22.6,,0
2021-01-16,331,22.7,,0
2021-01-17,459,22.9,,0
2021-01-18,88,23.0,,0
2021-01-19,373,23.2,,0
2021-01-20,100,23.4,,0
2021-01-21,361,23.5,,0
2021-01-22,153,23.7,,0
2021-01-23,132,23.9,,0
2021-01-24,151,24.0,,0
2021-01-25,310,24.2,,0
2021-01-26,259,24.3,,0
2021-01-27,345,24.5,,0
2021-01-28,493,24.6,,0
2021-01-29,415,24.8,,0
2021-01-30,295,24.9,,0
2021-01-31,387,25.1,,0
2021-02-01,194,25.2,,0
2021-02-02,446,25.4,,0
2021-02-03,279,25.5,,0
2021-02-04,163,25.7,,0
2021-02-05,462,25.8,,0
2021-02-06,316,25.9,,0
2021-02-07,24,26.1,,0
2021-02-08,255,26.2,,0
2021-02-09,238,26.4,,0
2021-02-10,347,26.5,,0
2021-02-11,51,26.6,建国記念の日,1
2021-02-12,478,26.7,,0
2021-02-13,62,26.9,,0
2021-02-14,173,27.0,,0
2021-02-15,479,27.1,,0
2021-02-16,191,27.2,,0
2021-02-17,467,27.4,,0
2021-02-18,274,27.5,,0
2021-02-19,193,27.6,,0
2021-02-20,449,27.7,,0
2021-02-21,178,27.8,,0
2021-02-22,449,27.9,,0
2021-02-23,55,28.0,天皇誕生日,1
2021-02-24,368,28.1,,0
2021-02-25,59,28.2,,0
2021-02-26,248,28.3,,0
2021-02-27,324,28.4,,0
2021-02-28,135,28.5,,0
2021-03-01,489,28.6,,0
2021-03-02,311,28.7,,0
2021-03-03,139,28.8,,0
2021-03-04,25,28.8,,0
2021-03-05,333,28.9,,0
2021-03-06,172,29.0,,0
2021-03-07,279,29.1,,0
2021-03-08,393,29.1,,0
2021-03-09,94,29.2,,0
2021-03-10,321,29.3,,0
2021-03-11,19,29.3,,0
2021-03-12,247,29.4,,0
2021-03-13,270,29.5,,0
2021-03-14,351,29.5,,0
2021-03-15,58,29.6,,0
2021-03-16,392,29.6,,0
2021-03-17,346,29.7,,0
2021-03-18,98,29.7,,0
2021-03-19,373,29.7,,0
2021-03-20,450,29.8,春分の日,1
2021-03-21,461,29.8,,0
2021-03-22,434,29.8,,0
2021-03-23,270,29.9,,0
2021-03-24,437,29.9,,0
2021-03-25,41,29.9,,0
2021-03-26,212,29.9,,0
2021-03-27,88,30.0,,0
2021-03-28,427,30.0,,0
2021-03-29,57,30.0,,0
2021-03-30,367,30.0,,0
2021-03-31,395,30.0,,0
2021-04-01,9,30.0,,0
2021-04-02,397,30.0,,0
2021-04-03,61,30.0,,0
2021-04-04,113,30.0,,0
2021-04-05,267,30.0,,0
2021-04-06,317,30.0,,0
2021-04-07,485,30.0,,0
2021-04-08,199,29.9,,0
2021-04-09,410,29.9,,0
2021-04-10,226,29.9,,0
2021-04-11,52,29.9,,0
2021-04-12,170,29.8,,0
2021-04-13,210,29.8,,0
2021-04-14,454,29.8,,0
2021-04-15,492,29.7,,0
2021-04-16,278,29.7,,0
2021-04-17,359,29.6,,0
2021-04-18,313,29.6,,0
2021-04-19,280,29.5,,0
2021-04-20,465,29.5,,0
2021-04-21,471,29.4,,0
2021-04-22,224,29.4,,0
2021-04-23,261,29.3,,0
2021-04-24,199,29.2,,0
2021-04-25,305,29.2,,0
2021-04-26,222,29.1,,0
2021-04-27,217,29.0,,0
2021-04-28,246,29.0,,0
2021-04-29,348,28.9,昭和の日,1
2021-04-30,377,28.8,,0
2021-05-01,63,28.7,,0
2021-05-02,290,28.6,,0
2021-05-03,420,28.6,憲法記念日,1
2021-05-04,227,28.5,みどりの日,1
2021-05-05,262,28.4,こどもの日,1
2021-05-06,198,28.3,,0
2021-05-07,390,28.2,,0
2021-05-08,503,28.1,,0
2021-05-09,51,28.0,,0
2021-05-10,168,27.9,,0
2021-05-11,26,27.8,,0
2021-05-12,312,27.6,,0
2021-05-13,76,27.5,,0
2021-05-14,356,27.4,,0
2021-05-15,338,27.3,,0
2021-05-16,20,27.2,,0
2021-05-17,355,27.1,,0
2021-05-18,140,26.9,,0
2021-05-19,503,26.8,,0
2021-05-20,147,26.7,,0
2021-05-21,484,26.6,,0
2021-05-22,75,26.4,,0
2021-05-23,151,26.3,,0
2021-05-24,511,26.2,,0
2021-05-25,93,26.0,,0
2021-05-26,404,25.9,感謝祭,1
2021-05-27,175,25.8,感謝祭,1
2021-05-28,431,25.6,感謝祭,1
2021-05-29,301,25.5,感謝祭,1
2021-05-30,391,25.3,感謝祭,1
2021-05-31,273,25.2,感謝祭,1
2021-06-01,503,25.0,感謝祭,1
2021-06-02,244,24.9,,0
2021-06-03,54,24.7,,0
2021-06-04,41,24.6,,0
2021-06-05,148,24.4,,0
2021-06-06,214,24.3,,0
2021-06-07,341,24.1,,0
2021-06-08,281,24.0,,0
2021-06-09,431,23.8,,0
2021-06-10,46,23.6,,0
2021-06-11,61,23.5,,0
2021-06-12,421,23.3,,0
2021-06-13,76,23.1,,0
2021-06-14,230,23.0,,0
2021-06-15,307,22.8,,0
2021-06-16,113,22.7,,0
2021-06-17,186,22.5,,0
2021-06-18,374,22.3,,0
2021-06-19,228,22.2,,0
2021-06-20,489,22.0,,0
2021-06-21,49,21.8,,0
2021-06-22,463,21.6,,0
2021-06-23,242,21.5,,0
2021-06-24,116,21.3,,0
2021-06-25,446,21.1,,0
2021-06-26,477,21.0,,0
2021-06-27,146,20.8,,0
2021-06-28,272,20.6,,0
2021-06-29,20,20.5,,0
2021-06-30,233,20.3,,0
2021-07-01,270,20.1,,0
2021-07-02,413,19.9,,0
2021-07-03,374,19.8,,0
2021-07-04,299,19.6,,0
2021-07-05,409,19.4,,0
2021-07-06,223,19.2,,0
2021-07-07,31,19.1,,0
2021-07-08,362,18.9,,0
2021-07-09,58,18.7,,0
2021-07-10,396,18.6,,0
2021-07-11,477,18.4,,0
2021-07-12,195,18.2,,0
2021-07-13,79,18.1,,0
2021-07-14,369,17.9,,0
2021-07-15,248,17.7,,0
2021-07-16,258,17.6,,0
2021-07-17,69,17.4,,0
2021-07-18,113,17.2,,0
2021-07-19,405,17.1,,0
2021-07-20,239,16.9,,0
2021-07-21,502,16.7,,0
2021-07-22,424,16.6,海の日,1
2021-07-23,248,16.4,スポーツの日,1
2021-07-24,254,16.2,,0
2021-07-25,161,16.1,,0
2021-07-26,189,15.9,,0
2021-07-27,47,15.8,,0
2021-07-28,54,15.6,,0
2021-07-29,31,15.5,,0
2021-07-30,178,15.3,,0
2021-07-31,345,15.2,,0
2021-08-01,205,15.0,,0
2021-08-02,261,14.9,,0
2021-08-03,104,14.7,,0
2021-08-04,302,14.6,,0
2021-08-05,85,14.4,,0
2021-08-06,189,14.3,,0
2021-08-07,64,14.1,,0
2021-08-08,81,14.0,山の日,1
2021-08-09,460,13.9,山の日 振替休日,1
2021-08-10,153,13.7,,0
2021-08-11,303,13.6,,0
2021-08-12,47,13.5,,0
2021-08-13,127,13.3,,0
2021-08-14,63,13.2,,0
2021-08-15,359,13.1,,0
2021-08-16,306,13.0,,0
2021-08-17,466,12.8,,0
2021-08-18,351,12.7,,0
2021-08-19,148,12.6,,0
2021-08-20,368,12.5,,0
2021-08-21,493,12.4,,0
2021-08-22,251,12.3,,0
2021-08-23,210,12.2,,0
2021-08-24,245,12.1,,0
2021-08-25,405,12.0,,0
2021-08-26,397,11.9,,0
2021-08-27,304,11.8,,0
2021-08-28,467,11.7,,0
2021-08-29,142,11.6,,0
2021-08-30,137,11.5,,0
2021-08-31,482,11.4,,0
2021-09-01,254,11.3,,0
2021-09-02,280,11.2,,0
2021-09-03,380,11.1,,0
2021-09-04,219,11.1,,0
2021-09-05,477,11.0,,0
2021-09-06,432,10.9,,0
2021-09-07,159,10.8,,0
2021-09-08,340,10.8,,0
2021-09-09,187,10.7,,0
2021-09-10,247,10.6,,0
2021-09-11,329,10.6,,0
2021-09-12,256,10.5,,0
2021-09-13,194,10.5,,0
2021-09-14,174,10.4,,0
2021-09-15,485,10.4,,0
2021-09-16,337,10.3,,0
2021-09-17,396,10.3,,0
2021-09-18,183,10.2,,0
2021-09-19,119,10.2,,0
2021-09-20,495,10.2,敬老の日,1
2021-09-21,256,10.1,,0
2021-09-22,203,10.1,,0
2021-09-23,136,10.1,秋分の日,1
2021-09-24,341,10.1,,0
2021-09-25,520,10.1,,0
2021-09-26,465,10.0,,0
2021-09-27,75,10.0,,0
2021-09-28,291,10.0,,0
2021-09-29,319,10.0,,0
2021-09-30,410,10.0,,0
2021-10-01,411,10.0,,0
2021-10-02,137,10.0,,0
2021-10-03,125,10.0,,0
2021-10-04,137,10.0,,0
2021-10-05,464,10.0,,0
2021-10-06,105,10.0,,0
2021-10-07,211,10.1,,0
2021-10-08,137,10.1,,0
2021-10-09,26,10.1,,0
2021-10-10,155,10.1,,0
2021-10-11,245,10.1,,0
2021-10-12,79,10.2,,0
2021-10-13,368,10.2,,0
2021-10-14,510,10.3,,0
2021-10-15,249,10.3,,0
2021-10-16,250,10.3,,0
2021-10-17,410,10.4,,0
2021-10-18,428,10.4,,0
2021-10-19,151,10.5,,0
2021-10-20,155,10.5,,0
2021-10-21,79,10.6,,0
2021-10-22,198,10.6,,0
2021-10-23,244,10.7,,0
2021-10-24,186,10.8,,0
2021-10-25,224,10.8,,0
2021-10-26,442,10.9,,0
2021-10-27,273,11.0,,0
2021-10-28,350,11.1,,0
2021-10-29,465,11.1,,0
2021-10-30,229,11.2,,0
2021-10-31,210,11.3,,0
2021-11-01,150,11.4,,0
2021-11-02,428,11.5,,0
2021-11-03,282,11.6,文化の日,1
2021-11-04,321,11.7,,0
2021-11-05,307,11.8,,0
2021-11-06,352,11.9,,0
2021-11-07,399,12.0,,0
2021-11-08,125,12.1,,0
2021-11-09,225,12.2,,0
2021-11-10,497,12.3,,0
2021-11-11,423,12.4,,0
2021-11-12,268,12.5,,0
2021-11-13,172,12.6,,0
2021-11-14,125,12.7,,0
2021-11-15,229,12.9,,0
2021-11-16,152,13.0,,0
2021-11-17,215,13.1,,0
2021-11-18,354,13.2,,0
2021-11-19,492,13.4,,0
2021-11-20,377,13.5,,0
2021-11-21,287,13.6,,0
2021-11-22,177,13.7,,0
2021-11-23,281,13.9,感謝祭,1
2021-11-24,472,14.0,感謝祭,1
2021-11-25,449,14.2,感謝祭,1
2021-11-26,432,14.3,感謝祭,1
2021-11-27,375,14.4,感謝祭,1
2021-11-28,480,14.6,感謝祭,1
2021-11-29,176,14.7,感謝祭,1
2021-11-30,177,14.9,感謝祭,1
2021-12-01,381,15.0,,0
2021-12-02,228,15.2,,0
2021-12-03,338,15.3,,0
2021-12-04,519,15.5,,0
2021-12-05,447,15.6,,0
2021-12-06,454,15.8,,0
2021-12-07,158,15.9,,0
2021-12-08,69,16.1,,0
2021-12-09,368,16.3,,0
2021-12-10,390,16.4,,0
2021-12-11,159,16.6,,0
2021-12-12,297,16.7,,0
2021-12-13,506,16.9,,0
2021-12-14,472,17.1,,0
2021-12-15,504,17.2,,0
2021-12-16,465,17.4,,0
2021-12-17,182,17.6,,0
2021-12-18,446,17.7,,0
2021-12-19,509,17.9,,0
2021-12-20,329,18.1,,0
2021-12-21,130,18.2,,0
2021-12-22,294,18.4,,0
2021-12-23,283,18.6,,0
2021-12-24,175,18.8,,0
2021-12-25,378,18.9,,0
2021-12-26,144,19.1,,0
2021-12-27,532,19.3,,0
2021-12-28,92,19.4,,0
2021-12-29,401,19.6,,0
2021-12-30,34,19.8,,0
2021-12-31,417,20.0,,0
2022-01-01,336,20.2,元日,1
2022-01-02,286,20.3,,0
2022-01-03,172,20.5,,0
2022-01-04,485,20.7,,0
2022-01-05,70,20.9,,0
2022-01-06,193,21.0,,0
2022-01-07,42,21.2,,0
2022-01-08,266,21.4,,0
2022-01-09,132,21.5,,0
2022-01-10,180,21.7,成人の日,1
2022-01-11,337,21.9,,0
2022-01-12,241,22.0,,0
2022-01-13,164,22.2,,0
2022-01-14,437,22.4,,0
2022-01-15,185,22.6,,0
2022-01-16,88,22.7,,0
2022-01-17,154,22.9,,0
2022-01-18,195,23.0,,0
2022-01-19,442,23.2,,0
2022-01-20,150,23.4,,0
2022-01-21,109,23.5,,0
2022-01-22,147,23.7,,0
2022-01-23,490,23.9,,0
2022-01-24,454,24.0,,0
2022-01-25,456,24.2,,0
2022-01-26,138,24.3,,0
2022-01-27,375,24.5,,0
2022-01-28,289,24.6,,0
2022-01-29,262,24.8,,0
2022-01-30,147,24.9,,0
2022-01-31,508,25.1,,0
2022-02-01,134,25.2,,0
2022-02-02,188,25.4,,0
2022-02-03,384,25.5,,0
2022-02-04,437,25.7,,0
2022-02-05,419,25.8,,0
2022-02-06,401,25.9,,0
2022-02-07,374,26.1,,0
2022-02-08,230,26.2,,0
2022-02-09,346,26.4,,0
2022-02-10,199,26.5,,0
2022-02-11,244,26.6,建国記念の日,1
2022-02-12,481,26.7,,0
2022-02-13,205,26.9,,0
2022-02-14,520,27.0,,0
2022-02-15,197,27.1,,0
2022-02-16,104,27.2,,0
2022-02-17,325,27.4,,0
2022-02-18,435,27.5,,0
2022-02-19,314,27.6,,0
2022-02-20,341,27.7,,0
2022-02-21,441,27.8,,0
2022-02-22,421,27.9,,0
2022-02-23,429,28.0,天皇誕生日,1
2022-02-24,172,28.1,,0
2022-02-25,232,28.2,,0
2022-02-26,438,28.3,,0
2022-02-27,165,28.4,,0
2022-02-28,70,28.5,,0
2022-03-01,214,28.6,,0
2022-03-02,498,28.7,,0
2022-03-03,481,28.8,,0
2022-03-04,409,28.8,,0
2022-03-05,508,28.9,,0
2022-03-06,413,29.0,,0
2022-03-07,60,29.1,,0
2022-03-08,276,29.1,,0
2022-03-09,196,29.2,,0
2022-03-10,76,29.3,,0
2022-03-11,269,29.3,,0
2022-03-12,404,29.4,,0
2022-03-13,90,29.5,,0
2022-03-14,477,29.5,,0
2022-03-15,303,29.6,,0
2022-03-16,322,29.6,,0
2022-03-17,66,29.7,,0
2022-03-18,265,29.7,,0
2022-03-19,316,29.7,,0
2022-03-20,325,29.8,,0
2022-03-21,136,29.8,春分の日,1
2022-03-22,324,29.8,,0
2022-03-23,407,29.9,,0
2022-03-24,488,29.9,,0
2022-03-25,521,29.9,,0
2022-03-26,493,29.9,,0
2022-03-27,357,30.0,,0
2022-03-28,344,30.0,,0
2022-03-29,187,30.0,,0
2022-03-30,44,30.0,,0
2022-03-31,75,30.0,,0
2022-04-01,232,30.0,,0
2022-04-02,90,30.0,,0
2022-04-03,58,30.0,,0
2022-04-04,213,30.0,,0
2022-04-05,261,30.0,,0
2022-04-06,199,30.0,,0
2022-04-07,518,30.0,,0
2022-04-08,87,29.9,,0
2022-04-09,414,29.9,,0
2022-04-10,47,29.9,,0
2022-04-11,140,29.9,,0
2022-04-12,421,29.8,,0
2022-04-13,275,29.8,,0
2022-04-14,79,29.8,,0
2022-04-15,322,29.7,,0
2022-04-16,391,29.7,,0
2022-04-17,539,29.6,,0
2022-04-18,344,29.6,,0
2022-04-19,223,29.5,,0
2022-04-20,137,29.5,,0
2022-04-21,141,29.4,,0
2022-04-22,230,29.4,,0
2022-04-23,523,29.3,,0
2022-04-24,159,29.2,,0
2022-04-25,234,29.2,,0
2022-04-26,296,29.1,,0
2022-04-27,512,29.0,,0
2022-04-28,459,29.0,,0
2022-04-29,514,28.9,昭和の日,1
2022-04-30,204,28.8,,0
2022-05-01,299,28.7,,0
2022-05-02,366,28.6,,0
2022-05-03,171,28.6,憲法記念日,1
2022-05-04,61,28.5,みどりの日,1
2022-05-05,325,28.4,こどもの日,1
2022-05-06,534,28.3,,0
2022-05-07,267,28.2,,0
2022-05-08,98,28.1,,0
2022-05-09,102,28.0,,0
2022-05-10,367,27.9,,0
2022-05-11,404,27.8,,0
2022-05-12,218,27.6,,0
2022-05-13,324,27.5,,0
2022-05-14,158,27.4,,0
2022-05-15,332,27.3,,0
2022-05-16,476,27.2,,0
2022-05-17,387,27.1,,0
2022-05-18,196,26.9,,0
2022-05-19,495,26.8,,0
2022-05-20,172,26.7,,0
2022-05-21,200,26.6,,0
2022-05-22,535,26.4,,0
2022-05-23,431,26.3,,0
2022-05-24,519,26.2,,0
2022-05-25,318,26.0,,0
2022-05-26,149,25.9,,0
2022-05-27,463,25.8,,0
2022-05-28,439,25.6,,0
2022-05-29,345,25.5,,0
2022-05-30,292,25.3,,0
2022-05-31,222,25.2,,0
2022-06-01,85,25.0,,0
2022-06-02,523,24.9,,0
2022-06-03,216,24.7,,0
2022-06-04,293,24.6,,0
2022-06-05,72,24.4,,0
2022-06-06,401,24.3,,0
2022-06-07,353,24.1,,0
2022-06-08,456,24.0,,0
2022-06-09,455,23.8,,0
2022-06-10,60,23.6,,0
2022-06-11,363,23.5,,0
2022-06-12,438,23.3,,0
2022-06-13,360,23.1,,0
2022-06-14,83,23.0,,0
2022-06-15,220,22.8,,0
2022-06-16,67,22.7,,0
2022-06-17,368,22.5,,0
2022-06-18,312,22.3,,0
2022-06-19,542,22.2,,0
2022-06-20,448,22.0,,0
2022-06-21,190,21.8,,0
2022-06-22,508,21.6,,0
2022-06-23,419,21.5,,0
2022-06-24,519,21.3,,0
2022-06-25,191,21.1,,0
2022-06-26,140,21.0,,0
2022-06-27,402,20.8,,0
2022-06-28,370,20.6,,0
2022-06-29,337,20.5,,0
2022-06-30,264,20.3,,0
2022-07-01,496,20.1,,0
2022-07-02,391,19.9,,0
2022-07-03,100,19.8,,0
2022-07-04,202,19.6,,0
2022-07-05,235,19.4,,0
2022-07-06,112,19.2,,0
2022-07-07,239,19.1,,0
2022-07-08,174,18.9,,0
2022-07-09,200,18.7,,0
2022-07-10,364,18.6,,0
2022-07-11,108,18.4,,0
2022-07-12,392,18.2,,0
2022-07-13,355,18.1,,0
2022-07-14,230,17.9,,0
2022-07-15,220,17.7,,0
2022-07-16,376,17.6,,0
2022-07-17,321,17.4,,0
2022-07-18,104,17.2,海の日,1
2022-07-19,541,17.1,,0
2022-07-20,495,16.9,,0
2022-07-21,152,16.7,,0
2022-07-22,532,16.6,,0
2022-07-23,315,16.4,,0
2022-07-24,104,16.2,,0
2022-07-25,111,16.1,,0
2022-07-26,543,15.9,,0
2022-07-27,159,15.8,,0
2022-07-28,56,15.6,,0
2022-07-29,154,15.5,,0
2022-07-30,247,15.3,,0
2022-07-31,314,15.2,,0
2022-08-01,417,15.0,,0
2022-08-02,532,14.9,,0
2022-08-03,424,14.7,,0
2022-08-04,402,14.6,,0
2022-08-05,99,14.4,,0
2022-08-06,407,14.3,,0
2022-08-07,363,14.1,,0
2022-08-08,476,14.0,,0
2022-08-09,360,13.9,,0
2022-08-10,196,13.7,,0
2022-08-11,322,13.6,山の日,1
2022-08-12,423,13.5,,0
2022-08-13,177,13.3,,0
2022-08-14,159,13.2,,0
2022-08-15,211,13.1,,0
2022-08-16,200,13.0,,0
2022-08-17,198,12.8,,0
2022-08-18,173,12.7,,0
2022-08-19,372,12.6,,0
2022-08-20,328,12.5,,0
2022-08-21,145,12.4,,0
2022-08-22,112,12.3,,0
2022-08-23,493,12.2,,0
2022-08-24,400,12.1,,0
2022-08-25,283,12.0,,0
2022-08-26,528,11.9,,0
2022-08-27,171,11.8,,0
2022-08-28,372,11.7,,0
2022-08-29,333,11.6,,0
2022-08-30,181,11.5,,0
2022-08-31,447,11.4,,0
2022-09-01,450,11.3,,0
2022-09-02,184,11.2,,0
2022-09-03,113,11.1,,0
2022-09-04,177,11.1,,0
2022-09-05,56,11.0,,0
2022-09-06,294,10.9,,0
2022-09-07,345,10.8,,0
2022-09-08,151,10.8,,0
2022-09-09,181,10.7,,0
2022-09-10,173,10.6,,0
2022-09-11,103,10.6,,0
2022-09-12,144,10.5,,0
2022-09-13,544,10.5,,0
2022-09-14,293,10.4,,0
2022-09-15,429,10.4,,0
2022-09-16,441,10.3,,0
2022-09-17,328,10.3,,0
2022-09-18,245,10.2,,0
2022-09-19,543,10.2,敬老の日,1
2022-09-20,248,10.2,,0
2022-09-21,503,10.1,,0
2022-09-22,125,10.1,,0
2022-09-23,334,10.1,秋分の日,1
2022-09-24,406,10.1,,0
2022-09-25,304,10.1,,0
2022-09-26,508,10.0,,0
2022-09-27,133,10.0,,0
2022-09-28,211,10.0,,0
2022-09-29,201,10.0,,0
2022-09-30,492,10.0,,0
2022-10-01,542,10.0,,0
2022-10-02,143,10.0,,0
2022-10-03,242,10.0,,0
2022-10-04,342,10.0,,0
2022-10-05,520,10.0,,0
2022-10-06,278,10.0,,0
2022-10-07,127,10.1,,0
2022-10-08,105,10.1,,0
2022-10-09,555,10.1,,0
2022-10-10,152,10.1,スポーツの日,1
2022-10-11,296,10.1,,0
2022-10-12,504,10.2,,0
2022-10-13,558,10.2,,0
2022-10-14,511,10.3,,0
2022-10-15,262,10.3,,0
2022-10-16,459,10.3,,0
2022-10-17,277,10.4,,0
2022-10-18,533,10.4,,0
2022-10-19,491,10.5,,0
2022-10-20,400,10.5,,0
2022-10-21,98,10.6,,0
2022-10-22,159,10.6,,0
2022-10-23,348,10.7,,0
2022-10-24,313,10.8,,0
2022-10-25,281,10.8,,0
2022-10-26,416,10.9,,0
2022-10-27,83,11.0,,0
2022-10-28,310,11.1,,0
2022-10-29,70,11.1,,0
2022-10-30,306,11.2,,0
2022-10-31,385,11.3,,0
2022-11-01,160,11.4,,0
2022-11-02,350,11.5,,0
2022-11-03,240,11.6,文化の日,1
2022-11-04,283,11.7,,0
2022-11-05,454,11.8,,0
2022-11-06,311,11.9,,0
2022-11-07,208,12.0,,0
2022-11-08,503,12.1,,0
2022-11-09,157,12.2,,0
2022-11-10,318,12.3,,0
2022-11-11,386,12.4,,0
2022-11-12,554,12.5,,0
2022-11-13,65,12.6,,0
2022-11-14,77,12.7,,0
2022-11-15,341,12.9,,0
2022-11-16,397,13.0,,0
2022-11-17,309,13.1,,0
2022-11-18,320,13.2,,0
2022-11-19,559,13.4,,0
2022-11-20,538,13.5,,0
2022-11-21,446,13.6,,0
2022-11-22,222,13.7,,0
2022-11-23,537,13.9,勤労感謝の日,1
2022-11-24,402,14.0,,0
2022-11-25,214,14.2,,0
2022-11-26,458,14.3,,0
2022-11-27,240,14.4,,0
2022-11-28,226,14.6,,0
2022-11-29,443,14.7,,0
2022-11-30,96,14.9,,0
2022-12-01,480,15.0,,0
2022-12-02,508,15.2,,0
2022-12-03,242,15.3,,0
2022-12-04,490,15.5,,0
2022-12-05,164,15.6,,0
2022-12-06,331,15.8,,0
2022-12-07,386,15.9,,0
2022-12-08,128,16.1,,0
2022-12-09,481,16.3,,0
2022-12-10,232,16.4,,0
2022-12-11,394,16.6,,0
2022-12-12,107,16.7,,0
2022-12-13,108,16.9,,0
2022-12-14,349,17.1,,0
2022-12-15,461,17.2,,0
2022-12-16,76,17.4,,0
2022-12-17,159,17.6,,0
2022-12-18,366,17.7,,0
2022-12-19,450,17.9,,0
2022-12-20,318,18.1,,0
2022-12-21,564,18.2,,0
2022-12-22,307,18.4,,0
2022-12-23,100,18.6,,0
2022-12-24,280,18.8,,0
2022-12-25,402,18.9,,0
2022-12-26,155,19.1,,0
2022-12-27,329,19.3,,0
2022-12-28,158,19.4,,0
2022-12-29,475,19.6,,0
2022-12-30,523,19.8,,0
2022-12-31,156,20.0,,0
2023-01-01,484,20.2,元日,1
2023-01-02,181,20.3,元日 振替休日,1
2023-01-03,171,20.5,,0
2023-01-04,457,20.7,,0
2023-01-05,262,20.9,,0
2023-01-06,380,21.0,,0
2023-01-07,180,21.2,,0
2023-01-08,559,21.4,,0
2023-01-09,141,21.5,成人の日,1
2023-01-10,479,21.7,,0
2023-01-11,443,21.9,,0
2023-01-12,487,22.0,,0
2023-01-13,284,22.2,,0
2023-01-14,344,22.4,,0
2023-01-15,316,22.6,,0
2023-01-16,231,22.7,,0
2023-01-17,461,22.9,,0
2023-01-18,424,23.0,,0
2023-01-19,524,23.2,,0
2023-01-20,475,23.4,,0
2023-01-21,259,23.5,,0
2023-01-22,295,23.7,,0
2023-01-23,245,23.9,,0
2023-01-24,167,24.0,,0
2023-01-25,564,24.2,,0
2023-01-26,104,24.3,,0
2023-01-27,534,24.5,,0
2023-01-28,565,24.6,,0
2023-01-29,555,24.8,,0
2023-01-30,164,24.9,,0
2023-01-31,220,25.1,,0
2023-02-01,219,25.2,,0
2023-02-02,259,25.4,,0
2023-02-03,293,25.5,,0
2023-02-04,106,25.7,,0
2023-02-05,337,25.8,,0
2023-02-06,438,25.9,,0
2023-02-07,252,26.1,,0
2023-02-08,82,26.2,,0
2023-02-09,348,26.4,,0
2023-02-10,286,26.5,,0
2023-02-11,424,26.6,建国記念の日,1
2023-02-12,430,26.7,,0
2023-02-13,356,26.9,,0
2023-02-14,343,27.0,,0
2023-02-15,439,27.1,,0
2023-02-16,132,27.2,,0
2023-02-17,154,27.4,,0
2023-02-18,438,27.5,,0
2023-02-19,287,27.6,,0
2023-02-20,412,27.7,,0
2023-02-21,467,27.8,,0
2023-02-22,257,27.9,,0
2023-02-23,89,28.0,天皇誕生日,1
2023-02-24,248,28.1,,0
2023-02-25,171,28.2,,0
2023-02-26,467,28.3,,0
2023-02-27,516,28.4,,0
2023-02-28,304,28.5,,0
2023-03-01,474,28.6,,0
2023-03-02,147,28.7,,0
2023-03-03,336,28.8,,0
2023-03-04,526,28.8,,0
2023-03-05,355,28.9,,0
2023-03-06,278,29.0,,0
2023-03-07,295,29.1,,0
2023-03-08,456,29.1,,0
2023-03-09,124,29.2,,0
2023-03-10,411,29.3,,0
2023-03-11,439,29.3,,0
2023-03-12,216,29.4,,0
2023-03-13,445,29.5,,0
2023-03-14,141,29.5,,0
2023-03-15,171,29.6,,0
2023-03-16,468,29.6,,0
2023-03-17,98,29.7,,0
2023-03-18,509,29.7,,0
2023-03-19,452,29.7,,0
2023-03-20,542,29.8,,0
2023-03-21,557,29.8,春分の日,1
2023-03-22,126,29.8,,0
2023-03-23,224,29.9,,0
2023-03-24,217,29.9,,0
2023-03-25,130,29.9,,0
2023-03-26,112,29.9,,0
2023-03-27,182,30.0,,0
2023-03-28,255,30.0,,0
2023-03-29,116,30.0,,0
2023-03-30,260,30.0,,0
2023-03-31,497,30.0,,0
2023-04-01,472,30.0,,0
2023-04-02,297,30.0,,0
2023-04-03,196,30.0,,0
2023-04-04,207,30.0,,0
2023-04-05,237,30.0,,0
2023-04-06,289,30.0,,0
2023-04-07,295,30.0,,0
2023-04-08,310,29.9,,0
2023-04-09,406,29.9,,0
2023-04-10,221,29.9,,0
2023-04-11,314,29.9,,0
2023-04-12,151,29.8,,0
2023-04-13,84,29.8,,0
2023-04-14,149,29.8,,0
2023-04-15,517,29.7,,0
2023-04-16,567,29.7,,0
2023-04-17,476,29.6,,0
2023-04-18,328,29.6,,0
2023-04-19,306,29.5,,0
2023-04-20,83,29.5,,0
2023-04-21,250,29.4,,0
2023-04-22,217,29.4,,0
2023-04-23,244,29.3,,0
2023-04-24,246,29.2,,0
2023-04-25,469,29.2,,0
2023-04-26,510,29.1,,0
2023-04-27,359,29.0,,0
2023-04-28,198,29.0,,0
2023-04-29,270,28.9,昭和の日,1
2023-04-30,82,28.8,,0
2023-05-01,106,28.7,,0
2023-05-02,242,28.6,,0
2023-05-03,499,28.6,憲法記念日,1
2023-05-04,416,28.5,みどりの日,1
2023-05-05,213,28.4,こどもの日,1
2023-05-06,573,28.3,,0
2023-05-07,442,28.2,,0
2023-05-08,398,28.1,,0
2023-05-09,419,28.0,,0
2023-05-10,577,27.9,,0
2023-05-11,223,27.8,,0
2023-05-12,405,27.6,,0
2023-05-13,295,27.5,,0
2023-05-14,379,27.4,,0
2023-05-15,210,27.3,,0
2023-05-16,370,27.2,,0
2023-05-17,148,27.1,,0
2023-05-18,330,26.9,,0
2023-05-19,493,26.8,,0
2023-05-20,353,26.7,,0
2023-05-21,523,26.6,,0
2023-05-22,443,26.4,,0
2023-05-23,261,26.3,,0
2023-05-24,246,26.2,,0
2023-05-25,170,26.0,,0
2023-05-26,281,25.9,,0
2023-05-27,425,25.8,,0
2023-05-28,98,25.6,,0
2023-05-29,118,25.5,,0
2023-05-30,205,25.3,,0
2023-05-31,530,25.2,,0
2023-06-01,252,25.0,,0
2023-06-02,221,24.9,,0
2023-06-03,322,24.7,,0
2023-06-04,300,24.6,,0
2023-06-05,206,24.4,,0
2023-06-06,138,24.3,,0
2023-06-07,228,24.1,,0
2023-06-08,556,24.0,,0
2023-06-09,536,23.8,,0
2023-06-10,397,23.6,,0
2023-06-11,463,23.5,,0
2023-06-12,441,23.3,,0
2023-06-13,504,23.1,,0
2023-06-14,82,23.0,,0
2023-06-15,468,22.8,,0
2023-06-16,542,22.7,,0
2023-06-17,429,22.5,,0
2023-06-18,271,22.3,,0
2023-06-19,272,22.2,,0
2023-06-20,450,22.0,,0
2023-06-21,490,21.8,,0
2023-06-22,393,21.6,,0
2023-06-23,498,21.5,,0
2023-06-24,504,21.3,,0
2023-06-25,199,21.1,,0
2023-06-26,216,21.0,,0
2023-06-27,140,20.8,,0
2023-06-28,126,20.6,,0
2023-06-29,255,20.5,,0
2023-06-30,242,20.3,,0
2023-07-01,255,20.1,,0
2023-07-02,399,19.9,,0
2023-07-03,385,19.8,,0
2023-07-04,232,19.6,,0
2023-07-05,163,19.4,,0
2023-07-06,457,19.2,,0
2023-07-07,296,19.1,,0
2023-07-08,286,18.9,,0
2023-07-09,335,18.7,,0
2023-07-10,312,18.6,,0
2023-07-11,247,18.4,,0
2023-07-12,310,18.2,,0
2023-07-13,230,18.1,,0
2023-07-14,103,17.9,,0
2023-07-15,525,17.7,,0
2023-07-16,486,17.6,,0
2023-07-17,131,17.4,海の日,1
2023-07-18,317,17.2,,0
2023-07-19,389,17.1,,0
2023-07-20,98,16.9,,0
2023-07-21,227,16.7,,0
2023-07-22,499,16.6,,0
2023-07-23,85,16.4,,0
2023-07-24,457,16.2,,0
2023-07-25,138,16.1,,0
2023-07-26,459,15.9,,0
2023-07-27,344,15.8,,0
2023-07-28,229,15.6,,0
2023-07-29,556,15.5,,0
2023-07-30,526,15.3,,0
2023-07-31,544,15.2,,0
2023-08-01,97,15.0,,0
2023-08-02,415,14.9,,0
2023-08-03,309,14.7,,0
2023-08-04,357,14.6,,0
2023-08-05,541,14.4,,0
2023-08-06,444,14.3,,0
2023-08-07,546,14.1,,0
2023-08-08,494,14.0,,0
2023-08-09,242,13.9,,0
2023-08-10,459,13.7,,0
2023-08-11,94,13.6,山の日,1
2023-08-12,208,13.5,,0
2023-08-13,434,13.3,,0
2023-08-14,250,13.2,,0
2023-08-15,176,13.1,,0
2023-08-16,222,13.0,,0
2023-08-17,273,12.8,,0
2023-08-18,403,12.7,,0
2023-08-19,265,12.6,,0
2023-08-20,115,12.5,,0
2023-08-21,307,12.4,,0
2023-08-22,444,12.3,,0
2023-08-23,128,12.2,,0
2023-08-24,315,12.1,,0
2023-08-25,279,12.0,,0
2023-08-26,498,11.9,,0
2023-08-27,534,11.8,,0
2023-08-28,233,11.7,,0
2023-08-29,289,11.6,,0
2023-08-30,505,11.5,,0
2023-08-31,300,11.4,,0
2023-09-01,549,11.3,,0
2023-09-02,308,11.2,,0
2023-09-03,328,11.1,,0
2023-09-04,501,11.1,,0
2023-09-05,485,11.0,,0
2023-09-06,134,10.9,,0
2023-09-07,123,10.8,,0
2023-09-08,342,10.8,,0
2023-09-09,479,10.7,,0
2023-09-10,171,10.6,,0
2023-09-11,460,10.6,,0
2023-09-12,345,10.5,,0
2023-09-13,286,10.5,,0
2023-09-14,392,10.4,,0
2023-09-15,498,10.4,,0
2023-09-16,539,10.3,,0
2023-09-17,99,10.3,,0
2023-09-18,401,10.2,敬老の日,1
2023-09-19,376,10.2,,0
2023-09-20,332,10.2,,0
2023-09-21,341,10.1,,0
2023-09-22,455,10.1,,0
2023-09-23,95,10.1,秋分の日,1
2023-09-24,209,10.1,,0
2023-09-25,379,10.1,,0
2023-09-26,464,10.0,,0
2023-09-27,155,10.0,,0
2023-09-28,236,10.0,,0
2023-09-29,314,10.0,,0
2023-09-30,330,10.0,,0
2023-10-01,268,10.0,,0
2023-10-02,358,10.0,,0
2023-10-03,432,10.0,,0
2023-10-04,373,10.0,,0
2023-10-05,154,10.0,,0
2023-10-06,308,10.0,,0
2023-10-07,433,10.1,,0
2023-10-08,406,10.1,,0
2023-10-09,374,10.1,スポーツの日,1
2023-10-10,268,10.1,,0
2023-10-11,553,10.1,,0
2023-10-12,509,10.2,,0
2023-10-13,190,10.2,,0
2023-10-14,197,10.3,,0
2023-10-15,191,10.3,,0
2023-10-16,477,10.3,,0
2023-10-17,497,10.4,,0
2023-10-18,588,10.4,,0
2023-10-19,403,10.5,,0
2023-10-20,98,10.5,,0
2023-10-21,568,10.6,,0
2023-10-22,558,10.6,,0
2023-10-23,290,10.7,,0
2023-10-24,444,10.8,,0
2023-10-25,226,10.8,,0
2023-10-26,451,10.9,,0
2023-10-27,352,11.0,,0
2023-10-28,530,11.1,,0
2023-10-29,116,11.1,,0
2023-10-30,578,11.2,,0
2023-10-31,146,11.3,,0
2023-11-01,259,11.4,,0
2023-11-02,296,11.5,,0
2023-11-03,552,11.6,文化の日,1
2023-11-04,177,11.7,,0
2023-11-05,239,11.8,,0
2023-11-06,179,11.9,,0
2023-11-07,172,12.0,,0
2023-11-08,551,12.1,,0
2023-11-09,460,12.2,,0
2023-11-10,95,12.3,,0
2023-11-11,145,12.4,,0
2023-11-12,268,12.5,,0
2023-11-13,300,12.6,,0
2023-11-14,355,12.7,,0
2023-11-15,541,12.9,,0
2023-11-16,544,13.0,,0
2023-11-17,464,13.1,,0
2023-11-18,583,13.2,,0
2023-11-19,383,13.4,,0
2023-11-20,129,13.5,,0
2023-11-21,443,13.6,,0
2023-11-22,190,13.7,,0
2023-11-23,168,13.9,勤労感謝の日,1
2023-11-24,135,14.0,,0
2023-11-25,250,14.2,,0
2023-11-26,346,14.3,,0
2023-11-27,258,14.4,,0
2023-11-28,534,14.6,,0
2023-11-29,214,14.7,,0
2023-11-30,355,14.9,,0
2023-12-01,475,15.0,,0
2023-12-02,402,15.2,,0
2023-12-03,364,15.3,,0
2023-12-04,546,15.5,,0
2023-12-05,151,15.6,,0
2023-12-06,333,15.8,,0
2023-12-07,486,15.9,,0
2023-12-08,575,16.1,,0
2023-12-09,319,16.3,,0
2023-12-10,348,16.4,,0
2023-12-11,410,16.6,,0
2023-12-12,498,16.7,,0
2023-12-13,209,16.9,,0
2023-12-14,352,17.1,,0
2023-12-15,401,17.2,,0
2023-12-16,505,17.4,,0
2023-12-17,305,17.6,,0
2023-12-18,327,17.7,,0
2023-12-19,439,17.9,,0
2023-12-20,496,18.1,,0
2023-12-21,164,18.2,,0
2023-12-22,173,18.4,,0
2023-12-23,533,18.6,,0
2023-12-24,201,18.8,,0
2023-12-25,520,18.9,,0
2023-12-26,291,19.1,,0
2023-12-27,351,19.3,,0
2023-12-28,325,19.4,,0
2023-12-29,393,19.6,,0
2023-12-30,405,19.8,,0
2023-12-31,197,20.0,,0
