Date,Syuyaku,Rate,OutOfStockStores,OutOfStockRate,SellingStores,TotalStores
2021-01-10,集約1,7,4,0.14,9,400
2021-01-10,集約2,3,5,0.21,8,400
2021-01-10,集約3,7,3,0.15,9,400
2021-01-10,集約4,7,5,0.02,11,400
2021-01-17,集約1,3,5,0.07,11,401
2021-01-17,集約2,3,2,0.17,11,401
2021-01-17,集約3,7,3,0.16,10,401
2021-01-17,集約4,4,3,0.06,7,401
2021-01-24,集約1,7,3,0.14,11,402
2021-01-24,集約2,7,5,0.04,8,402
2021-01-24,集約3,7,4,0.09,11,402
2021-01-24,集約4,7,3,0.12,10,402
2021-01-31,集約1,3,5,0.03,8,403
2021-01-31,集約2,7,2,0.21,10,403
2021-01-31,集約3,4,4,0.11,8,403
2021-01-31,集約4,3,2,0.05,9,403
2021-02-07,集約1,4,4,0.08,7,405
2021-02-07,集約2,4,5,0.07,7,405
2021-02-07,集約3,4,1,0.04,10,405
2021-02-07,集約4,4,4,0.1,7,405
2021-02-14,集約1,3,2,0.17,10,406
2021-02-14,集約2,3,5,0.17,10,406
2021-02-14,集約3,4,4,0.18,10,406
2021-02-14,集約4,4,1,0.1,7,406
2021-02-21,集約1,3,1,0.2,10,407
2021-02-21,集約2,3,3,0.1,7,407
2021-02-21,集約3,3,3,0.06,10,407
2021-02-21,集約4,7,2,0.06,11,407
2021-02-28,集約1,7,4,0.02,10,409
2021-02-28,集約2,7,4,0.04,8,409
2021-02-28,集約3,4,3,0.15,10,409
2021-02-28,集約4,7,4,0.05,9,409
2021-03-07,集約1,4,4,0.14,10,410
2021-03-07,集約2,4,1,0.19,8,410
2021-03-07,集約3,7,3,0.11,8,410
2021-03-07,集約4,4,5,0.22,7,410
2021-03-14,集約1,7,3,0.15,11,411
2021-03-14,集約2,7,5,0.1,10,411
2021-03-14,集約3,3,1,0.06,7,411
2021-03-14,集約4,7,2,0.15,11,411
2021-03-21,集約1,3,4,0.06,10,412
2021-03-21,集約2,7,1,0.06,9,412
2021-03-21,集約3,7,4,0.03,10,412
2021-03-21,集約4,3,2,0.04,8,412
2021-03-28,集約1,3,2,0.08,8,414
2021-03-28,集約2,7,1,0.15,9,414
2021-03-28,集約3,4,2,0.08,7,414
2021-03-28,集約4,3,5,0.17,11,414
2021-04-04,集約1,4,2,0.12,10,415
2021-04-04,集約2,4,4,0.2,8,415
2021-04-04,集約3,4,4,0.13,7,415
2021-04-04,集約4,3,4,0.07,9,415
2021-04-11,集約1,4,4,0.17,8,416
2021-04-11,集約2,3,5,0.15,9,416
2021-04-11,集約3,4,3,0.05,10,416
2021-04-11,集約4,7,1,0.03,11,416
2021-04-18,集約1,7,4,0.15,8,418
2021-04-18,集約2,3,2,0.2,8,418
2021-04-18,集約3,7,4,0.21,10,418
2021-04-18,集約4,7,2,0.07,7,418
2021-04-25,集約1,4,2,0.08,11,419
2021-04-25,集約2,3,4,0.1,8,419
2021-04-25,集約3,4,5,0.07,11,419
2021-04-25,集約4,4,2,0.07,8,419
2021-05-02,集約1,4,2,0.14,11,420
2021-05-02,集約2,4,4,0.16,9,420
2021-05-02,集約3,4,2,0.17,8,420
2021-05-02,集約4,4,2,0.19,11,420
2021-05-09,集約1,4,4,0.12,7,421
2021-05-09,集約2,3,4,0.21,9,421
2021-05-09,集約3,7,1,0.21,9,421
2021-05-09,集約4,4,5,0.2,7,421
2021-05-16,集約1,4,5,0.21,11,423
2021-05-16,集約2,4,2,0.05,10,423
2021-05-16,集約3,4,5,0.07,7,423
2021-05-16,集約4,4,2,0.15,11,423
2021-05-23,集約1,4,1,0.09,7,424
2021-05-23,集約2,7,4,0.08,7,424
2021-05-23,集約3,7,4,0.16,8,424
2021-05-23,集約4,4,4,0.11,11,424
2021-05-30,集約1,7,5,0.08,10,425
2021-05-30,集約2,3,1,0.02,8,425
2021-05-30,集約3,4,5,0.13,7,425
2021-05-30,集約4,3,5,0.08,7,425
2021-06-06,集約1,3,1,0.09,7,427
2021-06-06,集約2,4,1,0.14,11,427
2021-06-06,集約3,7,1,0.15,11,427
2021-06-06,集約4,3,1,0.19,8,427
2021-06-13,集約1,4,4,0.16,10,428
2021-06-13,集約2,3,3,0.18,8,428
2021-06-13,集約3,3,3,0.17,9,428
2021-06-13,集約4,3,1,0.06,7,428
2021-06-20,集約1,3,3,0.09,7,429
2021-06-20,集約2,7,3,0.04,7,429
2021-06-20,集約3,3,1,0.04,8,429
2021-06-20,集約4,3,3,0.11,8,429
2021-06-27,集約1,3,5,0.08,7,430
2021-06-27,集約2,7,2,0.18,8,430
2021-06-27,集約3,3,2,0.04,11,430
2021-06-27,集約4,3,1,0.19,11,430
2021-07-04,集約1,7,4,0.2,8,432
2021-07-04,集約2,7,1,0.18,7,432
2021-07-04,集約3,7,4,0.08,8,432
2021-07-04,集約4,3,2,0.11,8,432
2021-07-11,集約1,7,1,0.08,8,433
2021-07-11,集約2,7,5,0.11,9,433
2021-07-11,集約3,3,3,0.14,11,433
2021-07-11,集約4,7,4,0.16,10,433
2021-07-18,集約1,3,3,0.13,10,434
2021-07-18,集約2,4,3,0.21,9,434
2021-07-18,集約3,7,1,0.16,8,434
2021-07-18,集約4,4,3,0.09,9,434
2021-07-25,集約1,3,5,0.04,9,436
2021-07-25,集約2,7,3,0.13,7,436
2021-07-25,集約3,3,1,0.16,11,436
2021-07-25,集約4,4,5,0.19,10,436
2021-08-01,集約1,3,2,0.19,8,437
2021-08-01,集約2,7,3,0.15,10,437
2021-08-01,集約3,7,1,0.11,10,437
2021-08-01,集約4,4,2,0.12,11,437
2021-08-08,集約1,3,2,0.05,10,438
2021-08-08,集約2,7,4,0.17,10,438
2021-08-08,集約3,4,5,0.13,9,438
2021-08-08,集約4,7,3,0.2,11,438
2021-08-15,集約1,7,1,0.08,7,440
2021-08-15,集約2,3,4,0.12,8,440
2021-08-15,集約3,7,5,0.13,10,440
2021-08-15,集約4,3,4,0.1,8,440
2021-08-22,集約1,7,5,0.1,7,441
2021-08-22,集約2,4,5,0.07,8,441
2021-08-22,集約3,7,3,0.04,7,441
2021-08-22,集約4,3,5,0.16,9,441
2021-08-29,集約1,3,4,0.21,10,442
2021-08-29,集約2,4,5,0.15,7,442
2021-08-29,集約3,7,3,0.04,8,442
2021-08-29,集約4,7,3,0.03,10,442
2021-09-05,集約1,4,4,0.09,9,443
2021-09-05,集約2,7,2,0.09,10,443
2021-09-05,集約3,7,2,0.17,7,443
2021-09-05,集約4,3,5,0.08,9,443
2021-09-12,集約1,7,1,0.19,8,445
2021-09-12,集約2,7,5,0.12,9,445
2021-09-12,集約3,4,4,0.17,9,445
2021-09-12,集約4,4,4,0.17,11,445
2021-09-19,集約1,3,4,0.16,9,446
2021-09-19,集約2,7,4,0.14,9,446
2021-09-19,集約3,7,4,0.18,10,446
2021-09-19,集約4,7,3,0.18,8,446
2021-09-26,集約1,3,2,0.13,10,447
2021-09-26,集約2,3,4,0.13,10,447
2021-09-26,集約3,4,1,0.03,7,447
2021-09-26,集約4,3,1,0.2,10,447
2021-10-03,集約1,7,1,0.07,11,449
2021-10-03,集約2,7,1,0.05,11,449
2021-10-03,集約3,3,3,0.15,7,449
2021-10-03,集約4,7,1,0.19,8,449
2021-10-10,集約1,7,4,0.12,8,450
2021-10-10,集約2,3,5,0.07,10,450
2021-10-10,集約3,3,1,0.12,10,450
2021-10-10,集約4,7,3,0.09,10,450
2021-10-17,集約1,7,3,0.16,8,451
2021-10-17,集約2,7,1,0.17,9,451
2021-10-17,集約3,4,5,0.22,11,451
2021-10-17,集約4,4,1,0.11,9,451
2021-10-24,集約1,4,3,0.16,9,452
2021-10-24,集約2,3,2,0.14,8,452
2021-10-24,集約3,4,4,0.15,9,452
2021-10-24,集約4,3,3,0.18,7,452
2021-10-31,集約1,3,1,0.15,10,454
2021-10-31,集約2,4,4,0.06,7,454
2021-10-31,集約3,4,1,0.05,11,454
2021-10-31,集約4,4,1,0.04,10,454
2021-11-07,集約1,7,2,0.03,9,455
2021-11-07,集約2,4,4,0.2,11,455
2021-11-07,集約3,7,4,0.18,10,455
2021-11-07,集約4,3,2,0.08,9,455
2021-11-14,集約1,7,3,0.09,7,456
2021-11-14,集約2,4,1,0.13,10,456
2021-11-14,集約3,3,5,0.14,9,456
2021-11-14,集約4,3,1,0.03,7,456
2021-11-21,集約1,3,1,0.21,11,458
2021-11-21,集約2,7,3,0.09,11,458
2021-11-21,集約3,4,1,0.08,11,458
2021-11-21,集約4,3,2,0.07,11,458
2021-11-28,集約1,3,2,0.18,8,459
2021-11-28,集約2,3,4,0.2,10,459
2021-11-28,集約3,7,5,0.19,10,459
2021-11-28,集約4,7,1,0.05,8,459
2021-12-05,集約1,4,1,0.17,9,460
2021-12-05,集約2,7,3,0.04,9,460
2021-12-05,集約3,3,2,0.06,11,460
2021-12-05,集約4,4,5,0.05,7,460
2021-12-12,集約1,3,4,0.07,9,461
2021-12-12,集約2,3,2,0.13,7,461
2021-12-12,集約3,7,4,0.08,10,461
2021-12-12,集約4,4,3,0.09,7,461
2021-12-19,集約1,7,3,0.07,10,463
2021-12-19,集約2,7,1,0.05,8,463
2021-12-19,集約3,4,5,0.18,8,463
2021-12-19,集約4,3,4,0.11,11,463
2021-12-26,集約1,3,2,0.04,9,464
2021-12-26,集約2,4,3,0.18,11,464
2021-12-26,集約3,3,1,0.04,10,464
2021-12-26,集約4,4,1,0.17,11,464
2022-01-02,集約1,4,4,0.17,7,465
2022-01-02,集約2,7,3,0.2,10,465
2022-01-02,集約3,4,5,0.05,8,465
2022-01-02,集約4,7,3,0.04,9,465
2022-01-09,集約1,3,4,0.2,10,467
2022-01-09,集約2,3,4,0.14,10,467
2022-01-09,集約3,3,3,0.22,7,467
2022-01-09,集約4,3,4,0.12,9,467
2022-01-16,集約1,7,3,0.08,8,468
2022-01-16,集約2,3,2,0.2,10,468
2022-01-16,集約3,4,3,0.14,10,468
2022-01-16,集約4,4,3,0.15,7,468
2022-01-23,集約1,4,4,0.08,11,469
2022-01-23,集約2,7,4,0.19,8,469
2022-01-23,集約3,3,1,0.03,9,469
2022-01-23,集約4,3,1,0.11,10,469
2022-01-30,集約1,3,2,0.2,10,470
2022-01-30,集約2,7,1,0.14,8,470
2022-01-30,集約3,4,3,0.22,11,470
2022-01-30,集約4,4,4,0.08,10,470
2022-02-06,集約1,3,1,0.18,8,472
2022-02-06,集約2,4,1,0.09,7,472
2022-02-06,集約3,4,2,0.12,11,472
2022-02-06,集約4,7,2,0.08,9,472
2022-02-13,集約1,7,3,0.14,10,473
2022-02-13,集約2,7,4,0.14,8,473
2022-02-13,集約3,7,2,0.12,7,473
2022-02-13,集約4,3,1,0.21,9,473
2022-02-20,集約1,7,4,0.09,8,474
2022-02-20,集約2,4,4,0.19,8,474
2022-02-20,集約3,3,1,0.12,9,474
2022-02-20,集約4,4,2,0.14,7,474
2022-02-27,集約1,4,1,0.11,7,476
2022-02-27,集約2,4,4,0.09,11,476
2022-02-27,集約3,7,5,0.13,10,476
2022-02-27,集約4,7,5,0.1,9,476
2022-03-06,集約1,3,3,0.14,9,477
2022-03-06,集約2,3,1,0.03,9,477
2022-03-06,集約3,7,1,0.18,7,477
2022-03-06,集約4,4,3,0.05,10,477
2022-03-13,集約1,3,3,0.13,11,478
2022-03-13,集約2,7,3,0.18,8,478
2022-03-13,集約3,7,4,0.22,8,478
2022-03-13,集約4,7,1,0.11,9,478
2022-03-20,集約1,4,4,0.04,10,480
2022-03-20,集約2,7,3,0.2,7,480
2022-03-20,集約3,7,1,0.06,10,480
2022-03-20,集約4,7,4,0.03,10,480
2022-03-27,集約1,7,4,0.1,7,481
2022-03-27,集約2,3,3,0.18,9,481
2022-03-27,集約3,3,1,0.18,10,481
2022-03-27,集約4,7,3,0.16,8,481
2022-04-03,集約1,4,1,0.17,7,482
2022-04-03,集約2,3,5,0.03,11,482
2022-04-03,集約3,7,2,0.14,9,482
2022-04-03,集約4,3,2,0.15,7,482
2022-04-10,集約1,3,2,0.18,11,483
2022-04-10,集約2,4,3,0.09,11,483
2022-04-10,集約3,7,5,0.18,10,483
2022-04-10,集約4,7,1,0.14,10,483
2022-04-17,集約1,4,4,0.04,10,485
2022-04-17,集約2,4,1,0.06,7,485
2022-04-17,集約3,7,4,0.05,7,485
2022-04-17,集約4,7,1,0.12,9,485
2022-04-24,集約1,4,5,0.2,10,486
2022-04-24,集約2,3,4,0.03,11,486
2022-04-24,集約3,3,3,0.18,8,486
2022-04-24,集約4,4,1,0.04,9,486
2022-05-01,集約1,3,1,0.1,7,487
2022-05-01,集約2,4,4,0.21,9,487
2022-05-01,集約3,3,3,0.13,9,487
2022-05-01,集約4,3,3,0.18,9,487
2022-05-08,集約1,7,5,0.06,9,489
2022-05-08,集約2,7,3,0.05,8,489
2022-05-08,集約3,3,3,0.19,10,489
2022-05-08,集約4,3,3,0.06,11,489
2022-05-15,集約1,7,2,0.06,9,490
2022-05-15,集約2,7,5,0.15,9,490
2022-05-15,集約3,7,1,0.12,9,490
2022-05-15,集約4,4,4,0.06,10,490
2022-05-22,集約1,3,1,0.22,7,491
2022-05-22,集約2,7,5,0.18,7,491
2022-05-22,集約3,3,4,0.2,8,491
2022-05-22,集約4,4,5,0.15,7,491
2022-05-29,集約1,4,3,0.04,9,492
2022-05-29,集約2,7,4,0.12,9,492
2022-05-29,集約3,4,3,0.1,9,492
2022-05-29,集約4,3,1,0.13,8,492
2022-06-05,集約1,7,1,0.07,9,494
2022-06-05,集約2,3,4,0.1,7,494
2022-06-05,集約3,3,4,0.2,10,494
2022-06-05,集約4,4,5,0.2,10,494
2022-06-12,集約1,4,5,0.19,11,495
2022-06-12,集約2,4,3,0.17,7,495
2022-06-12,集約3,4,4,0.1,9,495
2022-06-12,集約4,4,1,0.16,10,495
2022-06-19,集約1,7,5,0.04,7,496
2022-06-19,集約2,3,5,0.08,10,496
2022-06-19,集約3,3,1,0.04,9,496
2022-06-19,集約4,3,5,0.11,10,496
2022-06-26,集約1,3,3,0.15,11,498
2022-06-26,集約2,4,4,0.1,11,498
2022-06-26,集約3,3,1,0.2,10,498
2022-06-26,集約4,7,4,0.13,7,498
2022-07-03,集約1,7,5,0.04,7,499
2022-07-03,集約2,3,5,0.11,7,499
2022-07-03,集約3,3,1,0.15,10,499
2022-07-03,集約4,7,3,0.08,7,499
2022-07-10,集約1,7,2,0.08,9,500
2022-07-10,集約2,4,1,0.12,11,500
2022-07-10,集約3,7,2,0.12,9,500
2022-07-10,集約4,4,2,0.03,7,500
2022-07-17,集約1,4,3,0.18,9,501
2022-07-17,集約2,4,2,0.03,7,501
2022-07-17,集約3,4,2,0.08,10,501
2022-07-17,集約4,4,3,0.11,9,501
2022-07-24,集約1,3,2,0.14,10,503
2022-07-24,集約2,7,2,0.07,10,503
2022-07-24,集約3,4,2,0.14,8,503
2022-07-24,集約4,7,1,0.17,7,503
2022-07-31,集約1,7,1,0.03,11,504
2022-07-31,集約2,4,1,0.19,7,504
2022-07-31,集約3,3,3,0.18,11,504
2022-07-31,集約4,4,5,0.09,7,504
2022-08-07,集約1,3,2,0.03,10,505
2022-08-07,集約2,7,2,0.13,9,505
2022-08-07,集約3,3,3,0.07,9,505
2022-08-07,集約4,3,2,0.08,8,505
2022-08-14,集約1,3,1,0.1,11,507
2022-08-14,集約2,7,5,0.08,11,507
2022-08-14,集約3,7,4,0.03,11,507
2022-08-14,集約4,3,2,0.05,10,507
2022-08-21,集約1,3,1,0.06,11,508
2022-08-21,集約2,4,4,0.18,9,508
2022-08-21,集約3,3,5,0.21,10,508
2022-08-21,集約4,4,4,0.1,7,508
2022-08-28,集約1,3,1,0.15,11,509
2022-08-28,集約2,4,4,0.21,11,509
2022-08-28,集約3,7,3,0.15,7,509
2022-08-28,集約4,3,4,0.16,11,509
2022-09-04,集約1,3,2,0.19,7,510
2022-09-04,集約2,3,2,0.18,10,510
2022-09-04,集約3,3,3,0.12,9,510
2022-09-04,集約4,4,1,0.09,7,510
2022-09-11,集約1,3,2,0.16,8,512
2022-09-11,集約2,7,5,0.21,7,512
2022-09-11,集約3,7,2,0.08,11,512
2022-09-11,集約4,3,2,0.2,10,512
2022-09-18,集約1,7,1,0.12,10,513
2022-09-18,集約2,3,4,0.13,7,513
2022-09-18,集約3,3,2,0.05,9,513
2022-09-18,集約4,7,3,0.21,8,513
2022-09-25,集約1,3,4,0.03,10,514
2022-09-25,集約2,7,5,0.16,11,514
2022-09-25,集約3,4,1,0.16,11,514
2022-09-25,集約4,3,5,0.22,9,514
2022-10-02,集約1,4,4,0.2,10,516
2022-10-02,集約2,7,4,0.11,7,516
2022-10-02,集約3,4,4,0.04,11,516
2022-10-02,集約4,4,5,0.2,9,516
2022-10-09,集約1,7,4,0.15,10,517
2022-10-09,集約2,4,5,0.17,10,517
2022-10-09,集約3,4,4,0.15,10,517
2022-10-09,集約4,7,3,0.11,10,517
2022-10-16,集約1,4,4,0.12,10,518
2022-10-16,集約2,7,5,0.14,11,518
2022-10-16,集約3,4,2,0.15,9,518
2022-10-16,集約4,7,4,0.15,10,518
2022-10-23,集約1,7,2,0.07,8,520
2022-10-23,集約2,4,3,0.2,8,520
2022-10-23,集約3,4,1,0.11,9,520
2022-10-23,集約4,4,3,0.1,7,520
2022-10-30,集約1,3,4,0.09,7,521
2022-10-30,集約2,3,2,0.18,7,521
2022-10-30,集約3,3,2,0.15,8,521
2022-10-30,集約4,7,5,0.09,7,521
2022-11-06,集約1,4,2,0.2,11,522
2022-11-06,集約2,7,5,0.11,10,522
2022-11-06,集約3,3,1,0.13,8,522
2022-11-06,集約4,4,4,0.05,9,522
2022-11-13,集約1,7,5,0.14,9,523
2022-11-13,集約2,4,1,0.1,10,523
2022-11-13,集約3,7,2,0.22,8,523
2022-11-13,集約4,4,2,0.09,7,523
2022-11-20,集約1,3,1,0.18,7,525
2022-11-20,集約2,3,2,0.04,11,525
2022-11-20,集約3,4,1,0.05,11,525
2022-11-20,集約4,7,5,0.09,7,525
2022-11-27,集約1,3,5,0.21,9,526
2022-11-27,集約2,3,1,0.06,9,526
2022-11-27,集約3,3,5,0.07,11,526
2022-11-27,集約4,4,5,0.2,10,526
2022-12-04,集約1,4,5,0.11,7,527
2022-12-04,集約2,7,3,0.04,11,527
2022-12-04,集約3,7,4,0.04,11,527
2022-12-04,集約4,7,2,0.2,7,527
2022-12-11,集約1,4,3,0.08,7,529
2022-12-11,集約2,4,5,0.21,9,529
2022-12-11,集約3,7,1,0.2,10,529
2022-12-11,集約4,7,5,0.2,10,529
2022-12-18,集約1,4,4,0.16,7,530
2022-12-18,集約2,7,5,0.12,8,530
2022-12-18,集約3,3,1,0.05,11,530
2022-12-18,集約4,4,4,0.15,11,530
2022-12-25,集約1,7,5,0.2,7,531
2022-12-25,集約2,4,4,0.07,8,531
2022-12-25,集約3,3,2,0.2,9,531
2022-12-25,集約4,4,2,0.08,7,531
2023-01-01,集約1,4,5,0.1,7,532
2023-01-01,集約2,4,4,0.09,11,532
2023-01-01,集約3,4,1,0.21,7,532
2023-01-01,集約4,3,5,0.13,7,532
2023-01-08,集約1,4,2,0.14,7,534
2023-01-08,集約2,4,2,0.09,11,534
2023-01-08,集約3,7,5,0.16,9,534
2023-01-08,集約4,4,4,0.11,9,534
2023-01-15,集約1,7,2,0.08,7,535
2023-01-15,集約2,3,4,0.19,11,535
2023-01-15,集約3,3,2,0.05,9,535
2023-01-15,集約4,3,2,0.1,9,535
2023-01-22,集約1,3,3,0.18,9,536
2023-01-22,集約2,7,2,0.12,11,536
2023-01-22,集約3,4,1,0.17,11,536
2023-01-22,集約4,3,5,0.19,7,536
2023-01-29,集約1,4,5,0.05,10,538
2023-01-29,集約2,7,4,0.05,9,538
2023-01-29,集約3,7,2,0.04,10,538
2023-01-29,集約4,7,1,0.22,11,538
2023-02-05,集約1,3,4,0.08,11,539
2023-02-05,集約2,4,3,0.16,11,539
2023-02-05,集約3,4,4,0.18,10,539
2023-02-05,集約4,4,4,0.21,11,539
2023-02-12,集約1,7,2,0.05,7,540
2023-02-12,集約2,3,3,0.14,11,540
2023-02-12,集約3,7,4,0.18,8,540
2023-02-12,集約4,7,1,0.11,10,540
2023-02-19,集約1,4,1,0.2,8,541
2023-02-19,集約2,7,5,0.11,11,541
2023-02-19,集約3,4,3,0.16,7,541
2023-02-19,集約4,3,3,0.16,9,541
2023-02-26,集約1,4,5,0.08,11,543
2023-02-26,集約2,3,4,0.13,7,543
2023-02-26,集約3,4,3,0.06,10,543
2023-02-26,集約4,7,1,0.22,8,543
2023-03-05,集約1,7,1,0.19,8,544
2023-03-05,集約2,3,2,0.11,8,544
2023-03-05,集約3,3,3,0.11,10,544
2023-03-05,集約4,3,4,0.2,7,544
2023-03-12,集約1,4,5,0.13,10,545
2023-03-12,集約2,4,5,0.19,8,545
2023-03-12,集約3,3,4,0.02,11,545
2023-03-12,集約4,7,2,0.04,9,545
2023-03-19,集約1,4,5,0.04,10,547
2023-03-19,集約2,4,3,0.1,10,547
2023-03-19,集約3,4,2,0.17,7,547
2023-03-19,集約4,3,3,0.19,7,547
2023-03-26,集約1,3,1,0.21,10,548
2023-03-26,集約2,3,2,0.18,8,548
2023-03-26,集約3,3,5,0.18,9,548
2023-03-26,集約4,3,2,0.07,7,548
2023-04-02,集約1,7,2,0.05,8,549
2023-04-02,集約2,7,2,0.2,11,549
2023-04-02,集約3,3,2,0.05,7,549
2023-04-02,集約4,4,3,0.05,8,549
2023-04-09,集約1,3,1,0.07,8,550
2023-04-09,集約2,7,4,0.18,9,550
2023-04-09,集約3,7,2,0.05,9,550
2023-04-09,集約4,4,5,0.2,11,550
2023-04-16,集約1,7,2,0.06,8,552
2023-04-16,集約2,3,5,0.09,8,552
2023-04-16,集約3,4,3,0.21,9,552
2023-04-16,集約4,3,5,0.09,7,552
2023-04-23,集約1,3,4,0.04,7,553
2023-04-23,集約2,4,1,0.16,10,553
2023-04-23,集約3,3,5,0.1,9,553
2023-04-23,集約4,7,5,0.18,10,553
2023-04-30,集約1,3,1,0.09,9,554
2023-04-30,集約2,4,4,0.02,11,554
2023-04-30,集約3,4,2,0.05,8,554
2023-04-30,集約4,4,5,0.09,11,554
2023-05-07,集約1,3,1,0.18,9,556
2023-05-07,集約2,4,3,0.11,8,556
2023-05-07,集約3,4,1,0.07,7,556
2023-05-07,集約4,3,3,0.14,7,556
2023-05-14,集約1,7,4,0.16,10,557
2023-05-14,集約2,3,2,0.19,9,557
2023-05-14,集約3,4,1,0.05,9,557
2023-05-14,集約4,4,5,0.2,7,557
2023-05-21,集約1,3,4,0.21,11,558
2023-05-21,集約2,7,1,0.02,8,558
2023-05-21,集約3,4,5,0.09,11,558
2023-05-21,集約4,4,1,0.16,11,558
2023-05-28,集約1,4,3,0.21,7,560
2023-05-28,集約2,3,1,0.22,7,560
2023-05-28,集約3,4,1,0.17,7,560
2023-05-28,集約4,7,1,0.04,10,560
2023-06-04,集約1,4,4,0.17,11,561
2023-06-04,集約2,4,1,0.11,9,561
2023-06-04,集約3,7,5,0.12,8,561
2023-06-04,集約4,4,3,0.06,10,561
2023-06-11,集約1,3,3,0.21,9,562
2023-06-11,集約2,3,1,0.16,11,562
2023-06-11,集約3,3,4,0.15,7,562
2023-06-11,集約4,7,4,0.17,11,562
2023-06-18,集約1,4,5,0.21,8,563
2023-06-18,集約2,3,1,0.13,10,563
2023-06-18,集約3,7,3,0.19,10,563
2023-06-18,集約4,4,4,0.06,8,563
2023-06-25,集約1,7,1,0.15,9,565
2023-06-25,集約2,3,4,0.19,9,565
2023-06-25,集約3,3,4,0.16,10,565
2023-06-25,集約4,3,3,0.17,10,565
2023-07-02,集約1,7,2,0.05,7,566
2023-07-02,集約2,7,5,0.12,9,566
2023-07-02,集約3,3,5,0.17,8,566
2023-07-02,集約4,7,3,0.13,9,566
2023-07-09,集約1,3,4,0.2,7,567
2023-07-09,集約2,3,1,0.08,10,567
2023-07-09,集約3,4,4,0.17,10,567
2023-07-09,集約4,7,3,0.06,7,567
2023-07-16,集約1,3,5,0.03,8,569
2023-07-16,集約2,3,4,0.2,10,569
2023-07-16,集約3,7,5,0.06,11,569
2023-07-16,集約4,4,1,0.07,10,569
2023-07-23,集約1,4,5,0.15,11,570
2023-07-23,集約2,3,5,0.04,7,570
2023-07-23,集約3,7,2,0.04,7,570
2023-07-23,集約4,4,2,0.21,10,570
2023-07-30,集約1,7,2,0.15,9,571
2023-07-30,集約2,7,5,0.03,11,571
2023-07-30,集約3,3,3,0.2,8,571
2023-07-30,集約4,4,5,0.18,10,571
2023-08-06,集約1,3,3,0.05,8,572
2023-08-06,集約2,4,3,0.07,10,572
2023-08-06,集約3,4,2,0.2,9,572
2023-08-06,集約4,4,4,0.04,9,572
2023-08-13,集約1,4,1,0.18,9,574
2023-08-13,集約2,4,2,0.16,9,574
2023-08-13,集約3,7,2,0.18,7,574
2023-08-13,集約4,3,4,0.08,7,574
2023-08-20,集約1,7,1,0.09,11,575
2023-08-20,集約2,4,5,0.14,8,575
2023-08-20,集約3,3,5,0.06,10,575
2023-08-20,集約4,4,2,0.04,10,575
2023-08-27,集約1,3,1,0.17,7,576
2023-08-27,集約2,7,2,0.03,10,576
2023-08-27,集約3,3,3,0.11,7,576
2023-08-27,集約4,3,2,0.03,11,576
2023-09-03,集約1,3,2,0.15,8,578
2023-09-03,集約2,3,5,0.19,11,578
2023-09-03,集約3,3,5,0.14,9,578
2023-09-03,集約4,4,5,0.09,9,578
2023-09-10,集約1,3,3,0.2,9,579
2023-09-10,集約2,3,5,0.08,11,579
2023-09-10,集約3,7,1,0.03,10,579
2023-09-10,集約4,3,4,0.03,8,579
2023-09-17,集約1,7,1,0.18,9,580
2023-09-17,集約2,4,1,0.19,9,580
2023-09-17,集約3,3,5,0.16,9,580
2023-09-17,集約4,7,4,0.12,8,580
2023-09-24,集約1,7,4,0.05,9,581
2023-09-24,集約2,4,4,0.15,8,581
2023-09-24,集約3,3,3,0.21,9,581
2023-09-24,集約4,3,5,0.15,11,581
2023-10-01,集約1,7,4,0.02,11,583
2023-10-01,集約2,3,3,0.14,8,583
2023-10-01,集約3,7,2,0.11,11,583
2023-10-01,集約4,3,2,0.03,8,583
2023-10-08,集約1,7,3,0.18,11,584
2023-10-08,集約2,3,3,0.07,11,584
2023-10-08,集約3,4,5,0.2,8,584
2023-10-08,集約4,3,5,0.17,10,584
2023-10-15,集約1,3,2,0.03,11,585
2023-10-15,集約2,4,4,0.13,9,585
2023-10-15,集約3,3,2,0.04,10,585
2023-10-15,集約4,4,4,0.19,8,585
2023-10-22,集約1,3,4,0.14,10,587
2023-10-22,集約2,7,5,0.13,7,587
2023-10-22,集約3,7,1,0.18,7,587
2023-10-22,集約4,3,1,0.15,11,587
2023-10-29,集約1,3,3,0.2,11,588
2023-10-29,集約2,3,5,0.12,9,588
2023-10-29,集約3,7,4,0.22,10,588
2023-10-29,集約4,3,1,0.16,7,588
2023-11-05,集約1,7,4,0.17,11,589
2023-11-05,集約2,4,1,0.1,10,589
2023-11-05,集約3,7,1,0.21,11,589
2023-11-05,集約4,7,1,0.2,11,589
2023-11-12,集約1,4,5,0.11,7,590
2023-11-12,集約2,7,2,0.07,7,590
2023-11-12,集約3,3,4,0.15,11,590
2023-11-12,集約4,3,5,0.13,8,590
2023-11-19,集約1,7,5,0.21,11,592
2023-11-19,集約2,3,5,0.09,11,592
2023-11-19,集約3,7,5,0.15,9,592
2023-11-19,集約4,3,5,0.17,9,592
2023-11-26,集約1,3,3,0.02,9,593
2023-11-26,集約2,7,4,0.2,8,593
2023-11-26,集約3,3,5,0.21,8,593
2023-11-26,集約4,7,4,0.1,11,593
2023-12-03,集約1,3,3,0.03,9,594
2023-12-03,集約2,3,3,0.02,8,594
2023-12-03,集約3,4,4,0.02,7,594
2023-12-03,集約4,4,1,0.15,11,594
2023-12-10,集約1,7,2,0.19,10,596
2023-12-10,集約2,4,1,0.17,11,596
2023-12-10,集約3,7,1,0.13,10,596
2023-12-10,集約4,4,1,0.07,9,596
2023-12-17,集約1,3,5,0.06,10,597
2023-12-17,集約2,7,3,0.15,9,597
2023-12-17,集約3,7,1,0.11,7,597
2023-12-17,集約4,3,3,0.05,10,597
2023-12-24,集約1,7,4,0.15,11,598
2023-12-24,集約2,7,2,0.2,9,598
2023-12-24,集約3,4,4,0.2,11,598
2023-12-24,集約4,7,4,0.06,8,598
2023-12-31,集約1,3,5,0.05,9,600
2023-12-31,集約2,4,2,0.06,10,600
2023-12-31,集約3,4,4,0.21,9,600
2023-12-31,集約4,3,4,0.11,11,600
2021-01-10,集約10,3,2,0.12,7,300
2021-01-10,集約11,4,2,0.2,9,300
2021-01-10,集約12,7,4,0.05,10,300
2021-01-10,集約9,4,2,0.2,8,300
2021-01-17,集約10,3,4,0.04,7,301
2021-01-17,集約11,4,4,0.08,8,301
2021-01-17,集約12,3,5,0.13,9,301
2021-01-17,集約9,4,1,0.14,11,301
2021-01-24,集約10,7,4,0.14,11,302
2021-01-24,集約11,4,3,0.06,10,302
2021-01-24,集約12,4,1,0.11,11,302
2021-01-24,集約9,3,1,0.09,7,302
2021-01-31,集約10,3,1,0.03,11,303
2021-01-31,集約11,3,5,0.06,10,303
2021-01-31,集約12,4,4,0.18,9,303
2021-01-31,集約9,7,5,0.11,9,303
2021-02-07,集約10,3,4,0.16,11,305
2021-02-07,集約11,3,5,0.08,8,305
2021-02-07,集約12,4,5,0.04,9,305
2021-02-07,集約9,3,3,0.17,11,305
2021-02-14,集約10,7,5,0.1,10,306
2021-02-14,集約11,7,2,0.13,11,306
2021-02-14,集約12,3,3,0.08,9,306
2021-02-14,集約9,3,5,0.16,10,306
2021-02-21,集約10,4,1,0.07,11,307
2021-02-21,集約11,7,2,0.12,7,307
2021-02-21,集約12,7,2,0.15,10,307
2021-02-21,集約9,3,2,0.11,7,307
2021-02-28,集約10,4,3,0.15,8,309
2021-02-28,集約11,7,5,0.03,10,309
2021-02-28,集約12,7,5,0.21,7,309
2021-02-28,集約9,4,1,0.09,9,309
2021-03-07,集約10,4,1,0.12,9,310
2021-03-07,集約11,7,2,0.11,8,310
2021-03-07,集約12,7,1,0.06,10,310
2021-03-07,集約9,4,3,0.19,10,310
2021-03-14,集約10,7,5,0.2,10,311
2021-03-14,集約11,3,2,0.19,8,311
2021-03-14,集約12,3,1,0.14,10,311
2021-03-14,集約9,4,3,0.14,9,311
2021-03-21,集約10,4,3,0.18,7,312
2021-03-21,集約11,4,1,0.21,9,312
2021-03-21,集約12,3,5,0.2,9,312
2021-03-21,集約9,7,1,0.21,7,312
2021-03-28,集約10,3,2,0.18,9,314
2021-03-28,集約11,7,1,0.1,8,314
2021-03-28,集約12,3,3,0.18,7,314
2021-03-28,集約9,7,1,0.08,9,314
2021-04-04,集約10,3,5,0.11,11,315
2021-04-04,集約11,4,4,0.09,9,315
2021-04-04,集約12,3,1,0.02,8,315
2021-04-04,集約9,7,5,0.21,10,315
2021-04-11,集約10,3,5,0.22,9,316
2021-04-11,集約11,3,3,0.12,10,316
2021-04-11,集約12,3,5,0.08,11,316
2021-04-11,集約9,4,5,0.18,9,316
2021-04-18,集約10,3,5,0.21,7,318
2021-04-18,集約11,4,5,0.18,10,318
2021-04-18,集約12,4,2,0.08,11,318
2021-04-18,集約9,3,2,0.15,7,318
2021-04-25,集約10,3,3,0.18,7,319
2021-04-25,集約11,3,1,0.04,7,319
2021-04-25,集約12,7,5,0.16,7,319
2021-04-25,集約9,3,1,0.11,9,319
2021-05-02,集約10,4,1,0.21,9,320
2021-05-02,集約11,3,3,0.05,9,320
2021-05-02,集約12,7,5,0.19,11,320
2021-05-02,集約9,3,5,0.15,11,320
2021-05-09,集約10,7,4,0.04,11,321
2021-05-09,集約11,7,1,0.05,8,321
2021-05-09,集約12,3,1,0.04,11,321
2021-05-09,集約9,4,2,0.04,9,321
2021-05-16,集約10,7,4,0.21,9,323
2021-05-16,集約11,3,2,0.04,8,323
2021-05-16,集約12,3,2,0.03,8,323
2021-05-16,集約9,4,2,0.04,11,323
2021-05-23,集約10,7,3,0.11,10,324
2021-05-23,集約11,7,3,0.15,8,324
2021-05-23,集約12,3,2,0.07,7,324
2021-05-23,集約9,3,4,0.16,9,324
2021-05-30,集約10,4,1,0.15,7,325
2021-05-30,集約11,4,4,0.21,9,325
2021-05-30,集約12,7,5,0.11,9,325
2021-05-30,集約9,7,3,0.03,8,325
2021-06-06,集約10,3,1,0.05,8,327
2021-06-06,集約11,7,1,0.06,7,327
2021-06-06,集約12,4,5,0.22,9,327
2021-06-06,集約9,4,5,0.13,7,327
2021-06-13,集約10,3,2,0.18,10,328
2021-06-13,集約11,4,3,0.21,7,328
2021-06-13,集約12,4,3,0.17,11,328
2021-06-13,集約9,4,4,0.15,7,328
2021-06-20,集約10,4,2,0.16,11,329
2021-06-20,集約11,3,2,0.13,11,329
2021-06-20,集約12,3,2,0.02,11,329
2021-06-20,集約9,7,2,0.06,10,329
2021-06-27,集約10,4,3,0.15,7,330
2021-06-27,集約11,7,3,0.2,7,330
2021-06-27,集約12,3,2,0.21,10,330
2021-06-27,集約9,3,4,0.12,9,330
2021-07-04,集約10,3,1,0.13,8,332
2021-07-04,集約11,3,1,0.13,7,332
2021-07-04,集約12,3,4,0.03,8,332
2021-07-04,集約9,3,2,0.13,10,332
2021-07-11,集約10,3,3,0.05,9,333
2021-07-11,集約11,4,1,0.2,9,333
2021-07-11,集約12,7,5,0.19,9,333
2021-07-11,集約9,3,5,0.14,10,333
2021-07-18,集約10,4,4,0.21,11,334
2021-07-18,集約11,4,2,0.05,11,334
2021-07-18,集約12,7,1,0.07,8,334
2021-07-18,集約9,3,2,0.21,11,334
2021-07-25,集約10,7,1,0.12,11,336
2021-07-25,集約11,3,4,0.09,9,336
2021-07-25,集約12,4,4,0.1,9,336
2021-07-25,集約9,4,5,0.16,8,336
2021-08-01,集約10,4,2,0.06,7,337
2021-08-01,集約11,4,5,0.21,8,337
2021-08-01,集約12,7,2,0.06,8,337
2021-08-01,集約9,3,5,0.17,10,337
2021-08-08,集約10,3,3,0.11,10,338
2021-08-08,集約11,7,3,0.07,8,338
2021-08-08,集約12,3,3,0.19,8,338
2021-08-08,集約9,4,3,0.07,8,338
2021-08-15,集約10,3,1,0.06,11,340
2021-08-15,集約11,4,3,0.05,10,340
2021-08-15,集約12,7,4,0.06,8,340
2021-08-15,集約9,3,4,0.16,9,340
2021-08-22,集約10,7,1,0.04,9,341
2021-08-22,集約11,3,3,0.04,11,341
2021-08-22,集約12,4,3,0.08,11,341
2021-08-22,集約9,7,3,0.11,7,341
2021-08-29,集約10,3,5,0.04,7,342
2021-08-29,集約11,4,2,0.13,7,342
2021-08-29,集約12,7,5,0.14,11,342
2021-08-29,集約9,7,2,0.21,11,342
2021-09-05,集約10,3,3,0.08,11,343
2021-09-05,集約11,3,3,0.12,9,343
2021-09-05,集約12,3,5,0.04,11,343
2021-09-05,集約9,4,5,0.11,9,343
2021-09-12,集約10,3,2,0.18,7,345
2021-09-12,集約11,7,4,0.18,7,345
2021-09-12,集約12,7,2,0.15,7,345
2021-09-12,集約9,3,5,0.18,8,345
2021-09-19,集約10,3,5,0.15,8,346
2021-09-19,集約11,7,1,0.13,10,346
2021-09-19,集約12,4,5,0.06,10,346
2021-09-19,集約9,3,1,0.02,10,346
2021-09-26,集約10,3,4,0.02,8,347
2021-09-26,集約11,7,2,0.18,8,347
2021-09-26,集約12,3,2,0.17,10,347
2021-09-26,集約9,4,1,0.21,10,347
2021-10-03,集約10,7,2,0.14,11,349
2021-10-03,集約11,3,5,0.03,10,349
2021-10-03,集約12,7,3,0.15,11,349
2021-10-03,集約9,3,1,0.17,9,349
2021-10-10,集約10,3,2,0.04,8,350
2021-10-10,集約11,3,1,0.11,10,350
2021-10-10,集約12,4,1,0.03,8,350
2021-10-10,集約9,4,3,0.12,8,350
2021-10-17,集約10,7,5,0.09,8,351
2021-10-17,集約11,3,1,0.19,9,351
2021-10-17,集約12,3,2,0.13,7,351
2021-10-17,集約9,4,4,0.05,10,351
2021-10-24,集約10,3,1,0.04,7,352
2021-10-24,集約11,4,1,0.06,7,352
2021-10-24,集約12,3,3,0.09,7,352
2021-10-24,集約9,7,5,0.17,8,352
2021-10-31,集約10,3,4,0.14,11,354
2021-10-31,集約11,3,2,0.2,8,354
2021-10-31,集約12,4,4,0.04,8,354
2021-10-31,集約9,3,2,0.11,7,354
2021-11-07,集約10,3,5,0.2,8,355
2021-11-07,集約11,4,2,0.04,7,355
2021-11-07,集約12,7,3,0.07,11,355
2021-11-07,集約9,7,3,0.1,10,355
2021-11-14,集約10,4,3,0.03,7,356
2021-11-14,集約11,4,3,0.04,11,356
2021-11-14,集約12,4,4,0.09,10,356
2021-11-14,集約9,4,5,0.09,9,356
2021-11-21,集約10,4,2,0.13,7,358
2021-11-21,集約11,7,2,0.15,7,358
2021-11-21,集約12,7,3,0.11,9,358
2021-11-21,集約9,4,3,0.17,9,358
2021-11-28,集約10,3,1,0.05,7,359
2021-11-28,集約11,4,5,0.11,9,359
2021-11-28,集約12,3,4,0.08,8,359
2021-11-28,集約9,4,2,0.12,10,359
2021-12-05,集約10,4,1,0.21,10,360
2021-12-05,集約11,7,1,0.08,10,360
2021-12-05,集約12,3,2,0.06,8,360
2021-12-05,集約9,3,4,0.15,9,360
2021-12-12,集約10,7,1,0.14,11,361
2021-12-12,集約11,7,1,0.07,9,361
2021-12-12,集約12,7,5,0.02,7,361
2021-12-12,集約9,7,4,0.14,10,361
2021-12-19,集約10,3,1,0.14,9,363
2021-12-19,集約11,3,4,0.15,11,363
2021-12-19,集約12,4,2,0.21,7,363
2021-12-19,集約9,4,3,0.11,8,363
2021-12-26,集約10,7,1,0.16,8,364
2021-12-26,集約11,7,5,0.11,11,364
2021-12-26,集約12,7,2,0.21,7,364
2021-12-26,集約9,4,4,0.05,10,364
2022-01-02,集約10,4,2,0.08,9,365
2022-01-02,集約11,4,1,0.16,7,365
2022-01-02,集約12,4,4,0.14,8,365
2022-01-02,集約9,4,3,0.12,11,365
2022-01-09,集約10,4,2,0.11,11,367
2022-01-09,集約11,4,1,0.05,9,367
2022-01-09,集約12,7,5,0.04,11,367
2022-01-09,集約9,7,4,0.14,11,367
2022-01-16,集約10,7,2,0.02,7,368
2022-01-16,集約11,7,2,0.08,10,368
2022-01-16,集約12,4,3,0.11,9,368
2022-01-16,集約9,3,3,0.07,7,368
2022-01-23,集約10,4,5,0.06,10,369
2022-01-23,集約11,3,5,0.16,7,369
2022-01-23,集約12,7,1,0.1,7,369
2022-01-23,集約9,4,1,0.05,11,369
2022-01-30,集約10,7,5,0.03,10,370
2022-01-30,集約11,4,5,0.19,9,370
2022-01-30,集約12,7,4,0.03,9,370
2022-01-30,集約9,3,3,0.1,10,370
2022-02-06,集約10,3,1,0.19,11,372
2022-02-06,集約11,3,3,0.13,8,372
2022-02-06,集約12,4,3,0.19,7,372
2022-02-06,集約9,3,5,0.13,11,372
2022-02-13,集約10,4,4,0.21,10,373
2022-02-13,集約11,3,2,0.09,7,373
2022-02-13,集約12,3,4,0.18,9,373
2022-02-13,集約9,4,4,0.07,8,373
2022-02-20,集約10,4,3,0.18,9,374
2022-02-20,集約11,3,4,0.16,10,374
2022-02-20,集約12,4,1,0.11,7,374
2022-02-20,集約9,3,3,0.03,10,374
2022-02-27,集約10,4,1,0.1,7,376
2022-02-27,集約11,7,2,0.09,11,376
2022-02-27,集約12,7,3,0.14,8,376
2022-02-27,集約9,7,2,0.04,11,376
2022-03-06,集約10,7,3,0.16,11,377
2022-03-06,集約11,7,5,0.11,10,377
2022-03-06,集約12,3,4,0.08,8,377
2022-03-06,集約9,7,5,0.22,7,377
2022-03-13,集約10,7,2,0.1,7,378
2022-03-13,集約11,7,4,0.17,9,378
2022-03-13,集約12,7,3,0.22,7,378
2022-03-13,集約9,4,4,0.2,10,378
2022-03-20,集約10,3,1,0.06,11,380
2022-03-20,集約11,7,4,0.18,11,380
2022-03-20,集約12,7,1,0.09,11,380
2022-03-20,集約9,7,4,0.21,8,380
2022-03-27,集約10,3,1,0.17,7,381
2022-03-27,集約11,4,2,0.03,10,381
2022-03-27,集約12,3,5,0.18,8,381
2022-03-27,集約9,4,3,0.12,9,381
2022-04-03,集約10,7,4,0.06,10,382
2022-04-03,集約11,7,5,0.06,10,382
2022-04-03,集約12,3,3,0.17,10,382
2022-04-03,集約9,3,3,0.22,11,382
2022-04-10,集約10,4,1,0.21,10,383
2022-04-10,集約11,4,2,0.13,7,383
2022-04-10,集約12,3,2,0.11,10,383
2022-04-10,集約9,4,5,0.03,11,383
2022-04-17,集約10,3,2,0.02,10,385
2022-04-17,集約11,4,4,0.11,9,385
2022-04-17,集約12,3,2,0.21,9,385
2022-04-17,集約9,3,5,0.1,11,385
2022-04-24,集約10,3,2,0.19,7,386
2022-04-24,集約11,4,4,0.2,7,386
2022-04-24,集約12,4,1,0.18,8,386
2022-04-24,集約9,4,5,0.11,11,386
2022-05-01,集約10,3,1,0.06,10,387
2022-05-01,集約11,4,1,0.16,11,387
2022-05-01,集約12,4,1,0.11,8,387
2022-05-01,集約9,3,3,0.15,11,387
2022-05-08,集約10,7,3,0.22,11,389
2022-05-08,集約11,3,1,0.18,8,389
2022-05-08,集約12,4,5,0.06,7,389
2022-05-08,集約9,3,4,0.04,10,389
2022-05-15,集約10,7,4,0.17,8,390
2022-05-15,集約11,3,2,0.15,9,390
2022-05-15,集約12,4,5,0.19,7,390
2022-05-15,集約9,7,3,0.03,9,390
2022-05-22,集約10,4,1,0.03,7,391
2022-05-22,集約11,7,2,0.07,10,391
2022-05-22,集約12,7,4,0.09,10,391
2022-05-22,集約9,3,3,0.11,11,391
2022-05-29,集約10,3,3,0.09,9,392
2022-05-29,集約11,4,1,0.07,7,392
2022-05-29,集約12,3,4,0.06,10,392
2022-05-29,集約9,3,5,0.08,8,392
2022-06-05,集約10,7,3,0.15,10,394
2022-06-05,集約11,3,1,0.04,8,394
2022-06-05,集約12,7,5,0.04,7,394
2022-06-05,集約9,7,4,0.08,10,394
2022-06-12,集約10,7,3,0.1,10,395
2022-06-12,集約11,4,5,0.09,7,395
2022-06-12,集約12,4,5,0.04,10,395
2022-06-12,集約9,4,5,0.03,8,395
2022-06-19,集約10,7,3,0.2,10,396
2022-06-19,集約11,4,3,0.14,9,396
2022-06-19,集約12,4,2,0.16,11,396
2022-06-19,集約9,3,4,0.11,8,396
2022-06-26,集約10,4,1,0.14,9,398
2022-06-26,集約11,4,5,0.1,7,398
2022-06-26,集約12,7,2,0.15,8,398
2022-06-26,集約9,7,1,0.13,11,398
2022-07-03,集約10,7,2,0.21,11,399
2022-07-03,集約11,7,3,0.03,7,399
2022-07-03,集約12,7,5,0.18,7,399
2022-07-03,集約9,7,1,0.05,8,399
2022-07-10,集約10,4,1,0.17,10,400
2022-07-10,集約11,7,1,0.11,7,400
2022-07-10,集約12,7,1,0.1,10,400
2022-07-10,集約9,3,1,0.14,9,400
2022-07-17,集約10,4,2,0.17,11,401
2022-07-17,集約11,4,5,0.17,10,401
2022-07-17,集約12,4,3,0.13,11,401
2022-07-17,集約9,7,3,0.03,10,401
2022-07-24,集約10,7,3,0.06,9,403
2022-07-24,集約11,7,3,0.19,7,403
2022-07-24,集約12,3,2,0.18,9,403
2022-07-24,集約9,7,4,0.02,7,403
2022-07-31,集約10,3,5,0.07,7,404
2022-07-31,集約11,4,1,0.13,11,404
2022-07-31,集約12,7,4,0.03,9,404
2022-07-31,集約9,3,3,0.13,10,404
2022-08-07,集約10,3,4,0.05,9,405
2022-08-07,集約11,7,5,0.16,11,405
2022-08-07,集約12,4,1,0.04,7,405
2022-08-07,集約9,4,1,0.15,11,405
2022-08-14,集約10,4,5,0.2,8,407
2022-08-14,集約11,3,5,0.11,8,407
2022-08-14,集約12,3,3,0.04,10,407
2022-08-14,集約9,3,1,0.2,11,407
2022-08-21,集約10,3,4,0.09,10,408
2022-08-21,集約11,4,2,0.13,10,408
2022-08-21,集約12,7,2,0.18,8,408
2022-08-21,集約9,3,5,0.12,10,408
2022-08-28,集約10,3,3,0.14,8,409
2022-08-28,集約11,4,2,0.08,7,409
2022-08-28,集約12,7,1,0.08,11,409
2022-08-28,集約9,7,5,0.19,10,409
2022-09-04,集約10,4,4,0.05,8,410
2022-09-04,集約11,4,5,0.2,9,410
2022-09-04,集約12,7,4,0.08,10,410
2022-09-04,集約9,3,5,0.09,7,410
2022-09-11,集約10,7,5,0.12,7,412
2022-09-11,集約11,4,5,0.21,9,412
2022-09-11,集約12,3,4,0.18,8,412
2022-09-11,集約9,3,4,0.03,10,412
2022-09-18,集約10,4,5,0.11,8,413
2022-09-18,集約11,4,2,0.14,7,413
2022-09-18,集約12,4,3,0.07,8,413
2022-09-18,集約9,7,3,0.12,7,413
2022-09-25,集約10,7,3,0.13,8,414
2022-09-25,集約11,3,4,0.03,9,414
2022-09-25,集約12,4,4,0.1,11,414
2022-09-25,集約9,3,2,0.11,9,414
2022-10-02,集約10,3,3,0.07,9,416
2022-10-02,集約11,3,3,0.21,11,416
2022-10-02,集約12,3,5,0.11,11,416
2022-10-02,集約9,4,4,0.11,10,416
2022-10-09,集約10,3,3,0.08,10,417
2022-10-09,集約11,4,2,0.07,9,417
2022-10-09,集約12,4,2,0.13,9,417
2022-10-09,集約9,7,3,0.07,7,417
2022-10-16,集約10,4,4,0.09,7,418
2022-10-16,集約11,7,2,0.04,10,418
2022-10-16,集約12,4,5,0.04,10,418
2022-10-16,集約9,4,2,0.21,7,418
2022-10-23,集約10,4,1,0.05,7,420
2022-10-23,集約11,7,1,0.2,8,420
2022-10-23,集約12,7,4,0.04,8,420
2022-10-23,集約9,3,3,0.08,7,420
2022-10-30,集約10,7,4,0.03,8,421
2022-10-30,集約11,7,4,0.16,11,421
2022-10-30,集約12,7,4,0.18,10,421
2022-10-30,集約9,7,4,0.16,10,421
2022-11-06,集約10,3,5,0.12,7,422
2022-11-06,集約11,7,5,0.03,9,422
2022-11-06,集約12,4,2,0.04,7,422
2022-11-06,集約9,4,1,0.21,8,422
2022-11-13,集約10,7,4,0.14,9,423
2022-11-13,集約11,7,2,0.18,8,423
2022-11-13,集約12,4,1,0.13,11,423
2022-11-13,集約9,4,3,0.06,8,423
2022-11-20,集約10,3,5,0.21,11,425
2022-11-20,集約11,4,1,0.1,11,425
2022-11-20,集約12,4,3,0.03,8,425
2022-11-20,集約9,7,1,0.17,8,425
2022-11-27,集約10,4,5,0.18,11,426
2022-11-27,集約11,3,5,0.13,9,426
2022-11-27,集約12,4,2,0.2,11,426
2022-11-27,集約9,7,4,0.13,10,426
2022-12-04,集約10,7,1,0.12,11,427
2022-12-04,集約11,4,1,0.21,9,427
2022-12-04,集約12,7,3,0.06,10,427
2022-12-04,集約9,3,5,0.09,7,427
2022-12-11,集約10,3,1,0.1,7,429
2022-12-11,集約11,4,5,0.17,9,429
2022-12-11,集約12,4,1,0.03,11,429
2022-12-11,集約9,4,2,0.2,8,429
2022-12-18,集約10,7,4,0.04,9,430
2022-12-18,集約11,3,1,0.08,10,430
2022-12-18,集約12,3,5,0.09,10,430
2022-12-18,集約9,7,2,0.09,7,430
2022-12-25,集約10,3,1,0.06,10,431
2022-12-25,集約11,4,3,0.16,9,431
2022-12-25,集約12,4,4,0.22,10,431
2022-12-25,集約9,4,1,0.16,9,431
2023-01-01,集約10,3,2,0.15,8,432
2023-01-01,集約11,4,3,0.09,7,432
2023-01-01,集約12,7,2,0.21,10,432
2023-01-01,集約9,7,2,0.03,9,432
2023-01-08,集約10,3,3,0.05,11,434
2023-01-08,集約11,7,2,0.1,7,434
2023-01-08,集約12,7,3,0.19,8,434
2023-01-08,集約9,3,1,0.12,9,434
2023-01-15,集約10,4,3,0.12,8,435
2023-01-15,集約11,4,3,0.16,8,435
2023-01-15,集約12,4,4,0.11,10,435
2023-01-15,集約9,3,3,0.11,10,435
2023-01-22,集約10,7,3,0.07,9,436
2023-01-22,集約11,4,1,0.08,11,436
2023-01-22,集約12,4,4,0.17,9,436
2023-01-22,集約9,3,5,0.22,11,436
2023-01-29,集約10,4,1,0.09,8,438
2023-01-29,集約11,3,1,0.18,7,438
2023-01-29,集約12,7,5,0.17,9,438
2023-01-29,集約9,3,3,0.19,9,438
2023-02-05,集約10,3,2,0.04,11,439
2023-02-05,集約11,3,4,0.17,8,439
2023-02-05,集約12,3,2,0.06,8,439
2023-02-05,集約9,7,5,0.1,11,439
2023-02-12,集約10,7,1,0.21,8,440
2023-02-12,集約11,4,1,0.21,10,440
2023-02-12,集約12,7,4,0.05,7,440
2023-02-12,集約9,7,1,0.09,9,440
2023-02-19,集約10,4,1,0.04,7,441
2023-02-19,集約11,7,4,0.08,9,441
2023-02-19,集約12,3,4,0.2,10,441
2023-02-19,集約9,3,5,0.14,8,441
2023-02-26,集約10,4,1,0.06,11,443
2023-02-26,集約11,4,1,0.03,10,443
2023-02-26,集約12,4,5,0.12,7,443
2023-02-26,集約9,3,3,0.03,11,443
2023-03-05,集約10,7,3,0.17,8,444
2023-03-05,集約11,3,3,0.11,10,444
2023-03-05,集約12,4,5,0.11,11,444
2023-03-05,集約9,7,1,0.03,10,444
2023-03-12,集約10,7,5,0.02,10,445
2023-03-12,集約11,3,5,0.2,8,445
2023-03-12,集約12,4,3,0.18,9,445
2023-03-12,集約9,3,2,0.03,11,445
2023-03-19,集約10,7,1,0.09,8,447
2023-03-19,集約11,3,3,0.07,10,447
2023-03-19,集約12,3,2,0.13,8,447
2023-03-19,集約9,4,2,0.19,9,447
2023-03-26,集約10,4,4,0.18,11,448
2023-03-26,集約11,7,1,0.15,9,448
2023-03-26,集約12,3,2,0.08,7,448
2023-03-26,集約9,3,3,0.19,11,448
2023-04-02,集約10,3,4,0.06,9,449
2023-04-02,集約11,7,1,0.06,10,449
2023-04-02,集約12,7,5,0.14,11,449
2023-04-02,集約9,4,3,0.14,11,449
2023-04-09,集約10,4,2,0.2,8,450
2023-04-09,集約11,4,2,0.1,10,450
2023-04-09,集約12,3,3,0.05,7,450
2023-04-09,集約9,3,2,0.02,9,450
2023-04-16,集約10,4,4,0.06,8,452
2023-04-16,集約11,3,1,0.18,9,452
2023-04-16,集約12,4,4,0.11,7,452
2023-04-16,集約9,7,2,0.08,7,452
2023-04-23,集約10,4,5,0.13,11,453
2023-04-23,集約11,7,1,0.19,7,453
2023-04-23,集約12,3,1,0.16,9,453
2023-04-23,集約9,4,3,0.19,10,453
2023-04-30,集約10,3,3,0.18,10,454
2023-04-30,集約11,7,5,0.22,11,454
2023-04-30,集約12,7,1,0.15,9,454
2023-04-30,集約9,7,5,0.07,9,454
2023-05-07,集約10,3,3,0.19,7,456
2023-05-07,集約11,3,3,0.13,9,456
2023-05-07,集約12,3,1,0.17,8,456
2023-05-07,集約9,3,4,0.06,7,456
2023-05-14,集約10,7,2,0.08,8,457
2023-05-14,集約11,7,3,0.07,11,457
2023-05-14,集約12,4,3,0.12,10,457
2023-05-14,集約9,4,4,0.1,11,457
2023-05-21,集約10,3,4,0.11,10,458
2023-05-21,集約11,7,5,0.19,11,458
2023-05-21,集約12,7,5,0.03,9,458
2023-05-21,集約9,7,2,0.2,8,458
2023-05-28,集約10,4,2,0.07,10,460
2023-05-28,集約11,4,1,0.06,7,460
2023-05-28,集約12,7,5,0.04,8,460
2023-05-28,集約9,7,3,0.2,7,460
2023-06-04,集約10,7,5,0.21,8,461
2023-06-04,集約11,4,3,0.18,8,461
2023-06-04,集約12,7,4,0.05,11,461
2023-06-04,集約9,7,5,0.09,10,461
2023-06-11,集約10,3,4,0.13,10,462
2023-06-11,集約11,3,2,0.1,8,462
2023-06-11,集約12,4,2,0.12,9,462
2023-06-11,集約9,7,1,0.05,9,462
2023-06-18,集約10,7,5,0.16,7,463
2023-06-18,集約11,3,4,0.17,7,463
2023-06-18,集約12,4,3,0.13,11,463
2023-06-18,集約9,3,2,0.22,8,463
2023-06-25,集約10,3,2,0.12,7,465
2023-06-25,集約11,3,3,0.15,7,465
2023-06-25,集約12,3,4,0.13,8,465
2023-06-25,集約9,7,4,0.15,11,465
2023-07-02,集約10,7,5,0.09,7,466
2023-07-02,集約11,3,5,0.07,11,466
2023-07-02,集約12,4,1,0.09,10,466
2023-07-02,集約9,4,2,0.05,11,466
2023-07-09,集約10,4,5,0.19,9,467
2023-07-09,集約11,4,4,0.11,9,467
2023-07-09,集約12,3,3,0.22,11,467
2023-07-09,集約9,7,4,0.04,9,467
2023-07-16,集約10,4,2,0.04,10,469
2023-07-16,集約11,3,4,0.1,8,469
2023-07-16,集約12,4,1,0.04,9,469
2023-07-16,集約9,4,2,0.15,9,469
2023-07-23,集約10,3,3,0.13,11,470
2023-07-23,集約11,7,1,0.08,10,470
2023-07-23,集約12,7,2,0.12,8,470
2023-07-23,集約9,3,3,0.17,11,470
2023-07-30,集約10,7,1,0.07,11,471
2023-07-30,集約11,3,1,0.13,10,471
2023-07-30,集約12,3,2,0.15,8,471
2023-07-30,集約9,3,5,0.12,10,471
2023-08-06,集約10,7,1,0.13,8,472
2023-08-06,集約11,3,1,0.13,10,472
2023-08-06,集約12,4,3,0.03,11,472
2023-08-06,集約9,7,4,0.16,11,472
2023-08-13,集約10,7,2,0.12,7,474
2023-08-13,集約11,7,2,0.1,9,474
2023-08-13,集約12,7,5,0.06,10,474
2023-08-13,集約9,4,5,0.06,7,474
2023-08-20,集約10,7,2,0.04,9,475
2023-08-20,集約11,7,5,0.21,10,475
2023-08-20,集約12,3,3,0.13,8,475
2023-08-20,集約9,7,2,0.09,9,475
2023-08-27,集約10,4,5,0.05,11,476
2023-08-27,集約11,4,2,0.05,7,476
2023-08-27,集約12,4,4,0.06,9,476
2023-08-27,集約9,4,1,0.03,9,476
2023-09-03,集約10,7,2,0.16,11,478
2023-09-03,集約11,7,1,0.14,10,478
2023-09-03,集約12,4,5,0.1,8,478
2023-09-03,集約9,4,1,0.04,11,478
2023-09-10,集約10,7,2,0.14,8,479
2023-09-10,集約11,4,4,0.16,10,479
2023-09-10,集約12,3,5,0.05,9,479
2023-09-10,集約9,4,2,0.19,8,479
2023-09-17,集約10,4,5,0.21,7,480
2023-09-17,集約11,3,3,0.2,7,480
2023-09-17,集約12,3,1,0.05,11,480
2023-09-17,集約9,7,3,0.14,10,480
2023-09-24,集約10,7,2,0.16,11,481
2023-09-24,集約11,3,4,0.19,11,481
2023-09-24,集約12,3,5,0.2,11,481
2023-09-24,集約9,7,1,0.05,7,481
2023-10-01,集約10,4,5,0.04,7,483
2023-10-01,集約11,3,2,0.05,11,483
2023-10-01,集約12,7,5,0.02,7,483
2023-10-01,集約9,4,1,0.18,10,483
2023-10-08,集約10,3,2,0.17,11,484
2023-10-08,集約11,4,5,0.14,7,484
2023-10-08,集約12,7,4,0.11,8,484
2023-10-08,集約9,3,2,0.19,11,484
2023-10-15,集約10,4,2,0.18,11,485
2023-10-15,集約11,3,4,0.1,10,485
2023-10-15,集約12,4,3,0.06,9,485
2023-10-15,集約9,7,1,0.14,9,485
2023-10-22,集約10,7,3,0.2,10,487
2023-10-22,集約11,3,5,0.15,10,487
2023-10-22,集約12,4,4,0.16,10,487
2023-10-22,集約9,3,3,0.21,9,487
2023-10-29,集約10,3,2,0.08,10,488
2023-10-29,集約11,4,5,0.1,7,488
2023-10-29,集約12,4,5,0.12,11,488
2023-10-29,集約9,4,3,0.15,11,488
2023-11-05,集約10,7,3,0.15,8,489
2023-11-05,集約11,3,4,0.11,8,489
2023-11-05,集約12,3,1,0.11,11,489
2023-11-05,集約9,7,3,0.04,7,489
2023-11-12,集約10,4,3,0.15,9,490
2023-11-12,集約11,7,2,0.04,9,490
2023-11-12,集約12,7,5,0.06,7,490
2023-11-12,集約9,7,1,0.1,9,490
2023-11-19,集約10,3,2,0.15,10,492
2023-11-19,集約11,7,4,0.16,11,492
2023-11-19,集約12,3,4,0.17,11,492
2023-11-19,集約9,3,3,0.05,7,492
2023-11-26,集約10,3,3,0.2,9,493
2023-11-26,集約11,4,4,0.14,8,493
2023-11-26,集約12,3,3,0.1,8,493
2023-11-26,集約9,3,1,0.03,9,493
2023-12-03,集約10,4,3,0.11,8,494
2023-12-03,集約11,3,5,0.18,7,494
2023-12-03,集約12,7,3,0.09,7,494
2023-12-03,集約9,7,2,0.1,9,494
2023-12-10,集約10,3,1,0.17,8,496
2023-12-10,集約11,4,2,0.09,7,496
2023-12-10,集約12,7,2,0.11,7,496
2023-12-10,集約9,4,5,0.16,10,496
2023-12-17,集約10,4,1,0.17,10,497
2023-12-17,集約11,7,1,0.19,7,497
2023-12-17,集約12,4,1,0.08,9,497
2023-12-17,集約9,7,1,0.17,11,497
2023-12-24,集約10,4,1,0.2,11,498
2023-12-24,集約11,7,5,0.22,7,498
2023-12-24,集約12,3,3,0.05,7,498
2023-12-24,集約9,7,2,0.05,7,498
2023-12-31,集約10,7,1,0.02,9,500
2023-12-31,集約11,7,3,0.04,10,500
2023-12-31,集約12,7,3,0.22,7,500
2023-12-31,集約9,4,2,0.04,7,500
2021-01-10,集約13,3,5,0.13,8,60
2021-01-10,集約14,7,4,0.1,9,60
2021-01-10,集約15,4,4,0.04,7,60
2021-01-10,集約16,3,3,0.12,8,60
2021-01-17,集約13,3,2,0.16,11,60
2021-01-17,集約14,3,4,0.17,7,60
2021-01-17,集約15,3,3,0.07,7,60
2021-01-17,集約16,7,5,0.06,8,60
2021-01-24,集約13,7,4,0.04,9,61
2021-01-24,集約14,4,3,0.15,7,61
2021-01-24,集約15,4,3,0.21,11,61
2021-01-24,集約16,4,1,0.13,7,61
2021-01-31,集約13,3,5,0.2,11,62
2021-01-31,集約14,3,1,0.21,10,62
2021-01-31,集約15,7,2,0.15,10,62
2021-01-31,集約16,3,1,0.07,11,62
2021-02-07,集約13,3,1,0.13,9,63
2021-02-07,集約14,3,4,0.06,7,63
2021-02-07,集約15,4,3,0.07,7,63
2021-02-07,集約16,4,5,0.02,10,63
2021-02-14,集約13,7,1,0.21,11,64
2021-02-14,集約14,3,5,0.12,7,64
2021-02-14,集約15,3,1,0.11,7,64
2021-02-14,集約16,7,2,0.13,9,64
2021-02-21,集約13,3,1,0.02,8,65
2021-02-21,集約14,3,4,0.2,10,65
2021-02-21,集約15,4,3,0.05,10,65
2021-02-21,集約16,7,2,0.1,8,65
2021-02-28,集約13,7,1,0.17,7,66
2021-02-28,集約14,7,5,0.2,9,66
2021-02-28,集約15,7,2,0.1,9,66
2021-02-28,集約16,4,2,0.19,10,66
2021-03-07,集約13,4,1,0.09,9,67
2021-03-07,集約14,3,2,0.02,8,67
2021-03-07,集約15,3,5,0.08,7,67
2021-03-07,集約16,3,2,0.2,8,67
2021-03-14,集約13,3,5,0.17,11,68
2021-03-14,集約14,4,1,0.19,10,68
2021-03-14,集約15,7,3,0.16,9,68
2021-03-14,集約16,4,2,0.19,11,68
2021-03-21,集約13,3,3,0.08,9,69
2021-03-21,集約14,4,5,0.07,7,69
2021-03-21,集約15,7,2,0.07,7,69
2021-03-21,集約16,7,4,0.18,7,69
2021-03-28,集約13,4,3,0.19,9,69
2021-03-28,集約14,4,2,0.15,11,69
2021-03-28,集約15,4,3,0.21,7,69
2021-03-28,集約16,3,2,0.18,11,69
2021-04-04,集約13,4,1,0.13,9,70
2021-04-04,集約14,4,3,0.08,11,70
2021-04-04,集約15,4,4,0.12,9,70
2021-04-04,集約16,7,4,0.04,9,70
2021-04-11,集約13,7,5,0.18,10,71
2021-04-11,集約14,3,2,0.1,9,71
2021-04-11,集約15,3,3,0.16,9,71
2021-04-11,集約16,7,5,0.07,8,71
2021-04-18,集約13,7,3,0.08,7,72
2021-04-18,集約14,7,2,0.07,10,72
2021-04-18,集約15,4,4,0.13,10,72
2021-04-18,集約16,4,1,0.04,10,72
2021-04-25,集約13,7,4,0.04,8,73
2021-04-25,集約14,4,5,0.12,9,73
2021-04-25,集約15,4,1,0.04,7,73
2021-04-25,集約16,3,5,0.1,11,73
2021-05-02,集約13,7,2,0.02,9,74
2021-05-02,集約14,7,1,0.2,8,74
2021-05-02,集約15,4,5,0.2,9,74
2021-05-02,集約16,7,2,0.05,9,74
2021-05-09,集約13,3,4,0.12,8,75
2021-05-09,集約14,3,2,0.08,10,75
2021-05-09,集約15,3,3,0.17,10,75
2021-05-09,集約16,7,2,0.19,7,75
2021-05-16,集約13,7,2,0.2,7,76
2021-05-16,集約14,7,3,0.04,10,76
2021-05-16,集約15,7,5,0.08,11,76
2021-05-16,集約16,7,5,0.06,9,76
2021-05-23,集約13,3,2,0.04,11,77
2021-05-23,集約14,4,3,0.08,9,77
2021-05-23,集約15,3,3,0.2,10,77
2021-05-23,集約16,7,4,0.18,7,77
2021-05-30,集約13,3,5,0.18,7,78
2021-05-30,集約14,7,1,0.11,11,78
2021-05-30,集約15,7,5,0.1,7,78
2021-05-30,集約16,3,5,0.14,10,78
2021-06-06,集約13,7,4,0.18,11,78
2021-06-06,集約14,4,1,0.09,9,78
2021-06-06,集約15,7,4,0.1,7,78
2021-06-06,集約16,4,1,0.02,8,78
2021-06-13,集約13,4,2,0.19,7,79
2021-06-13,集約14,7,1,0.15,9,79
2021-06-13,集約15,3,4,0.11,11,79
2021-06-13,集約16,4,5,0.16,9,79
2021-06-20,集約13,3,1,0.08,8,80
2021-06-20,集約14,4,1,0.16,10,80
2021-06-20,集約15,7,3,0.13,7,80
2021-06-20,集約16,7,5,0.12,11,80
2021-06-27,集約13,4,2,0.16,10,81
2021-06-27,集約14,7,4,0.15,9,81
2021-06-27,集約15,4,2,0.17,11,81
2021-06-27,集約16,7,5,0.12,10,81
2021-07-04,集約13,3,1,0.21,11,82
2021-07-04,集約14,7,1,0.16,8,82
2021-07-04,集約15,3,5,0.08,8,82
2021-07-04,集約16,7,1,0.1,7,82
2021-07-11,集約13,3,1,0.2,7,83
2021-07-11,集約14,7,1,0.02,8,83
2021-07-11,集約15,3,4,0.09,11,83
2021-07-11,集約16,4,4,0.05,8,83
2021-07-18,集約13,4,3,0.06,7,84
2021-07-18,集約14,3,2,0.2,8,84
2021-07-18,集約15,7,5,0.19,8,84
2021-07-18,集約16,3,5,0.06,11,84
2021-07-25,集約13,7,5,0.08,10,85
2021-07-25,集約14,4,3,0.11,7,85
2021-07-25,集約15,7,4,0.08,11,85
2021-07-25,集約16,4,3,0.11,8,85
2021-08-01,集約13,7,5,0.19,8,86
2021-08-01,集約14,7,2,0.2,10,86
2021-08-01,集約15,7,1,0.04,7,86
2021-08-01,集約16,3,4,0.21,7,86
2021-08-08,集約13,3,4,0.15,9,87
2021-08-08,集約14,4,3,0.17,7,87
2021-08-08,集約15,4,4,0.06,10,87
2021-08-08,集約16,3,5,0.13,9,87
2021-08-15,集約13,4,5,0.06,9,88
2021-08-15,集約14,3,3,0.22,8,88
2021-08-15,集約15,7,5,0.12,8,88
2021-08-15,集約16,4,2,0.14,7,88
2021-08-22,集約13,4,3,0.08,9,88
2021-08-22,集約14,3,2,0.19,8,88
2021-08-22,集約15,4,1,0.18,10,88
2021-08-22,集約16,4,2,0.13,8,88
2021-08-29,集約13,7,1,0.16,8,89
2021-08-29,集約14,4,1,0.2,9,89
2021-08-29,集約15,7,2,0.18,9,89
2021-08-29,集約16,3,3,0.02,11,89
2021-09-05,集約13,4,5,0.2,10,90
2021-09-05,集約14,7,5,0.05,9,90
2021-09-05,集約15,3,1,0.14,7,90
2021-09-05,集約16,4,1,0.16,10,90
2021-09-12,集約13,3,3,0.05,10,91
2021-09-12,集約14,4,4,0.15,9,91
2021-09-12,集約15,3,2,0.14,10,91
2021-09-12,集約16,3,1,0.2,9,91
2021-09-19,集約13,7,5,0.12,8,92
2021-09-19,集約14,3,3,0.2,11,92
2021-09-19,集約15,4,2,0.11,8,92
2021-09-19,集約16,4,3,0.1,9,92
2021-09-26,集約13,7,2,0.21,9,93
2021-09-26,集約14,4,2,0.15,8,93
2021-09-26,集約15,4,1,0.07,7,93
2021-09-26,集約16,4,3,0.13,7,93
2021-10-03,集約13,3,3,0.2,7,94
2021-10-03,集約14,3,5,0.18,9,94
2021-10-03,集約15,4,5,0.1,10,94
2021-10-03,集約16,7,1,0.15,9,94
2021-10-10,集約13,3,1,0.1,10,95
2021-10-10,集約14,7,4,0.2,8,95
2021-10-10,集約15,4,5,0.02,11,95
2021-10-10,集約16,4,2,0.07,10,95
2021-10-17,集約13,3,3,0.16,7,96
2021-10-17,集約14,4,1,0.1,9,96
2021-10-17,集約15,3,3,0.18,8,96
2021-10-17,集約16,4,3,0.12,7,96
2021-10-24,集約13,4,4,0.21,8,97
2021-10-24,集約14,3,5,0.05,11,97
2021-10-24,集約15,3,1,0.1,9,97
2021-10-24,集約16,3,3,0.06,9,97
2021-10-31,集約13,4,1,0.02,11,97
2021-10-31,集約14,4,2,0.2,9,97
2021-10-31,集約15,7,4,0.11,10,97
2021-10-31,集約16,3,2,0.12,8,97
2021-11-07,集約13,4,1,0.15,7,98
2021-11-07,集約14,4,1,0.09,11,98
2021-11-07,集約15,3,5,0.2,10,98
2021-11-07,集約16,7,3,0.09,7,98
2021-11-14,集約13,3,3,0.2,7,99
2021-11-14,集約14,7,2,0.08,11,99
2021-11-14,集約15,4,4,0.16,10,99
2021-11-14,集約16,7,3,0.12,7,99
2021-11-21,集約13,4,5,0.1,7,100
2021-11-21,集約14,3,2,0.16,10,100
2021-11-21,集約15,3,2,0.05,9,100
2021-11-21,集約16,3,5,0.1,7,100
2021-11-28,集約13,7,4,0.16,8,101
2021-11-28,集約14,4,5,0.11,10,101
2021-11-28,集約15,3,4,0.09,7,101
2021-11-28,集約16,3,5,0.06,11,101
2021-12-05,集約13,4,5,0.06,8,102
2021-12-05,集約14,3,1,0.2,7,102
2021-12-05,集約15,4,2,0.2,8,102
2021-12-05,集約16,4,5,0.12,8,102
2021-12-12,集約13,4,5,0.05,9,103
2021-12-12,集約14,4,3,0.09,8,103
2021-12-12,集約15,4,2,0.13,9,103
2021-12-12,集約16,7,3,0.08,10,103
2021-12-19,集約13,3,2,0.12,9,104
2021-12-19,集約14,7,3,0.22,11,104
2021-12-19,集約15,3,5,0.1,7,104
2021-12-19,集約16,7,5,0.16,10,104
2021-12-26,集約13,4,1,0.2,10,105
2021-12-26,集約14,3,3,0.02,11,105
2021-12-26,集約15,3,4,0.17,9,105
2021-12-26,集約16,7,1,0.14,7,105
2022-01-02,集約13,7,3,0.2,9,106
2022-01-02,集約14,3,3,0.08,8,106
2022-01-02,集約15,7,1,0.14,9,106
2022-01-02,集約16,7,5,0.05,10,106
2022-01-09,集約13,7,3,0.19,7,106
2022-01-09,集約14,4,5,0.17,9,106
2022-01-09,集約15,4,1,0.12,7,106
2022-01-09,集約16,7,5,0.17,7,106
2022-01-16,集約13,7,2,0.2,8,107
2022-01-16,集約14,4,4,0.1,8,107
2022-01-16,集約15,4,3,0.07,10,107
2022-01-16,集約16,3,4,0.03,11,107
2022-01-23,集約13,3,5,0.04,7,108
2022-01-23,集約14,4,3,0.13,11,108
2022-01-23,集約15,7,5,0.16,10,108
2022-01-23,集約16,7,2,0.05,7,108
2022-01-30,集約13,7,1,0.21,7,109
2022-01-30,集約14,7,3,0.19,11,109
2022-01-30,集約15,3,2,0.17,9,109
2022-01-30,集約16,4,2,0.07,8,109
2022-02-06,集約13,7,3,0.18,9,110
2022-02-06,集約14,3,5,0.06,11,110
2022-02-06,集約15,7,2,0.06,8,110
2022-02-06,集約16,4,4,0.12,9,110
2022-02-13,集約13,3,2,0.04,8,111
2022-02-13,集約14,4,5,0.11,7,111
2022-02-13,集約15,4,5,0.19,9,111
2022-02-13,集約16,3,4,0.19,8,111
2022-02-20,集約13,3,2,0.11,8,112
2022-02-20,集約14,3,5,0.21,8,112
2022-02-20,集約15,3,3,0.04,9,112
2022-02-20,集約16,3,1,0.05,10,112
2022-02-27,集約13,3,1,0.16,9,113
2022-02-27,集約14,3,1,0.04,11,113
2022-02-27,集約15,7,2,0.03,9,113
2022-02-27,集約16,4,4,0.21,8,113
2022-03-06,集約13,3,5,0.16,7,114
2022-03-06,集約14,7,3,0.17,9,114
2022-03-06,集約15,7,3,0.1,9,114
2022-03-06,集約16,7,2,0.09,8,114
2022-03-13,集約13,4,1,0.03,7,115
2022-03-13,集約14,3,2,0.06,7,115
2022-03-13,集約15,7,4,0.04,11,115
2022-03-13,集約16,4,4,0.09,9,115
2022-03-20,集約13,4,5,0.04,7,116
2022-03-20,集約14,4,5,0.15,7,116
2022-03-20,集約15,7,4,0.11,10,116
2022-03-20,集約16,3,4,0.12,10,116
2022-03-27,集約13,7,4,0.15,7,116
2022-03-27,集約14,7,2,0.16,11,116
2022-03-27,集約15,3,4,0.13,7,116
2022-03-27,集約16,3,3,0.12,8,116
2022-04-03,集約13,3,1,0.19,9,117
2022-04-03,集約14,4,4,0.12,11,117
2022-04-03,集約15,3,1,0.14,8,117
2022-04-03,集約16,7,2,0.11,11,117
2022-04-10,集約13,3,1,0.03,8,118
2022-04-10,集約14,7,2,0.2,9,118
2022-04-10,集約15,4,3,0.2,9,118
2022-04-10,集約16,7,2,0.12,10,118
2022-04-17,集約13,7,2,0.13,8,119
2022-04-17,集約14,3,5,0.04,10,119
2022-04-17,集約15,3,4,0.15,8,119
2022-04-17,集約16,7,4,0.2,10,119
2022-04-24,集約13,3,3,0.12,9,120
2022-04-24,集約14,4,3,0.08,11,120
2022-04-24,集約15,4,4,0.07,10,120
2022-04-24,集約16,3,5,0.21,8,120
2022-05-01,集約13,4,4,0.11,8,121
2022-05-01,集約14,3,5,0.13,9,121
2022-05-01,集約15,7,3,0.13,8,121
2022-05-01,集約16,7,1,0.06,7,121
2022-05-08,集約13,4,3,0.16,11,122
2022-05-08,集約14,3,3,0.09,10,122
2022-05-08,集約15,3,2,0.14,11,122
2022-05-08,集約16,4,2,0.2,9,122
2022-05-15,集約13,7,2,0.11,10,123
2022-05-15,集約14,4,2,0.13,10,123
2022-05-15,集約15,7,5,0.03,7,123
2022-05-15,集約16,3,4,0.11,9,123
2022-05-22,集約13,7,1,0.12,8,124
2022-05-22,集約14,4,3,0.08,7,124
2022-05-22,集約15,3,5,0.09,7,124
2022-05-22,集約16,4,1,0.2,11,124
2022-05-29,集約13,4,5,0.02,11,125
2022-05-29,集約14,7,5,0.14,11,125
2022-05-29,集約15,4,3,0.05,7,125
2022-05-29,集約16,7,4,0.05,8,125
2022-06-05,集約13,3,2,0.16,10,125
2022-06-05,集約14,7,4,0.17,11,125
2022-06-05,集約15,3,3,0.14,8,125
2022-06-05,集約16,7,3,0.18,9,125
2022-06-12,集約13,4,3,0.11,11,126
2022-06-12,集約14,7,1,0.2,10,126
2022-06-12,集約15,7,4,0.06,9,126
2022-06-12,集約16,3,4,0.07,9,126
2022-06-19,集約13,4,5,0.17,10,127
2022-06-19,集約14,7,5,0.1,11,127
2022-06-19,集約15,4,5,0.1,7,127
2022-06-19,集約16,7,3,0.19,10,127
2022-06-26,集約13,7,4,0.14,10,128
2022-06-26,集約14,4,3,0.18,10,128
2022-06-26,集約15,7,1,0.03,9,128
2022-06-26,集約16,4,5,0.07,8,128
2022-07-03,集約13,7,3,0.13,7,129
2022-07-03,集約14,3,3,0.16,11,129
2022-07-03,集約15,4,1,0.03,11,129
2022-07-03,集約16,7,2,0.19,8,129
2022-07-10,集約13,7,4,0.1,10,130
2022-07-10,集約14,3,2,0.2,7,130
2022-07-10,集約15,4,5,0.16,11,130
2022-07-10,集約16,7,3,0.04,11,130
2022-07-17,集約13,3,1,0.2,10,131
2022-07-17,集約14,7,1,0.21,8,131
2022-07-17,集約15,4,4,0.13,7,131
2022-07-17,集約16,7,2,0.06,8,131
2022-07-24,集約13,7,4,0.11,8,132
2022-07-24,集約14,7,3,0.11,7,132
2022-07-24,集約15,7,4,0.07,7,132
2022-07-24,集約16,3,1,0.11,11,132
2022-07-31,集約13,3,1,0.11,11,133
2022-07-31,集約14,4,5,0.22,7,133
2022-07-31,集約15,3,5,0.06,9,133
2022-07-31,集約16,3,3,0.15,11,133
2022-08-07,集約13,4,2,0.21,9,134
2022-08-07,集約14,3,4,0.2,7,134
2022-08-07,集約15,3,3,0.2,11,134
2022-08-07,集約16,4,5,0.06,8,134
2022-08-14,集約13,4,4,0.1,7,134
2022-08-14,集約14,4,5,0.21,10,134
2022-08-14,集約15,7,4,0.05,9,134
2022-08-14,集約16,7,2,0.11,7,134
2022-08-21,集約13,4,3,0.06,7,135
2022-08-21,集約14,4,4,0.16,11,135
2022-08-21,集約15,4,1,0.07,11,135
2022-08-21,集約16,7,1,0.04,11,135
2022-08-28,集約13,7,4,0.12,10,136
2022-08-28,集約14,3,4,0.19,11,136
2022-08-28,集約15,3,4,0.1,7,136
2022-08-28,集約16,4,1,0.11,11,136
2022-09-04,集約13,7,1,0.1,8,137
2022-09-04,集約14,7,4,0.19,11,137
2022-09-04,集約15,7,5,0.06,10,137
2022-09-04,集約16,4,5,0.05,8,137
2022-09-11,集約13,3,2,0.06,7,138
2022-09-11,集約14,4,3,0.02,7,138
2022-09-11,集約15,3,5,0.2,9,138
2022-09-11,集約16,3,1,0.07,8,138
2022-09-18,集約13,4,5,0.11,9,139
2022-09-18,集約14,3,2,0.16,8,139
2022-09-18,集約15,3,2,0.09,8,139
2022-09-18,集約16,7,3,0.17,10,139
2022-09-25,集約13,3,5,0.18,9,140
2022-09-25,集約14,4,1,0.07,10,140
2022-09-25,集約15,4,1,0.08,8,140
2022-09-25,集約16,3,4,0.09,7,140
2022-10-02,集約13,7,1,0.12,8,141
2022-10-02,集約14,7,3,0.21,10,141
2022-10-02,集約15,3,3,0.04,9,141
2022-10-02,集約16,3,1,0.13,9,141
2022-10-09,集約13,4,1,0.2,10,142
2022-10-09,集約14,3,4,0.03,9,142
2022-10-09,集約15,7,1,0.05,11,142
2022-10-09,集約16,3,4,0.1,7,142
2022-10-16,集約13,4,4,0.09,7,143
2022-10-16,集約14,4,1,0.09,7,143
2022-10-16,集約15,4,2,0.2,9,143
2022-10-16,集約16,4,2,0.14,9,143
2022-10-23,集約13,4,4,0.1,8,144
2022-10-23,集約14,3,1,0.18,8,144
2022-10-23,集約15,3,2,0.1,7,144
2022-10-23,集約16,3,1,0.19,11,144
2022-10-30,集約13,3,1,0.14,8,144
2022-10-30,集約14,4,1,0.15,8,144
2022-10-30,集約15,7,5,0.06,9,144
2022-10-30,集約16,3,1,0.05,11,144
2022-11-06,集約13,7,5,0.16,7,145
2022-11-06,集約14,3,4,0.22,8,145
2022-11-06,集約15,3,2,0.16,11,145
2022-11-06,集約16,7,2,0.14,11,145
2022-11-13,集約13,4,2,0.17,7,146
2022-11-13,集約14,3,2,0.11,11,146
2022-11-13,集約15,3,2,0.1,11,146
2022-11-13,集約16,3,2,0.22,11,146
2022-11-20,集約13,7,2,0.12,8,147
2022-11-20,集約14,4,4,0.1,7,147
2022-11-20,集約15,7,1,0.17,11,147
2022-11-20,集約16,7,3,0.18,11,147
2022-11-27,集約13,4,5,0.07,8,148
2022-11-27,集約14,7,3,0.16,7,148
2022-11-27,集約15,4,3,0.15,9,148
2022-11-27,集約16,3,1,0.2,8,148
2022-12-04,集約13,4,1,0.13,7,149
2022-12-04,集約14,3,1,0.08,11,149
2022-12-04,集約15,7,2,0.1,7,149
2022-12-04,集約16,7,4,0.07,7,149
2022-12-11,集約13,3,2,0.09,7,150
2022-12-11,集約14,7,4,0.07,9,150
2022-12-11,集約15,4,4,0.03,7,150
2022-12-11,集約16,3,3,0.2,9,150
2022-12-18,集約13,7,3,0.04,11,151
2022-12-18,集約14,3,4,0.11,9,151
2022-12-18,集約15,4,4,0.06,11,151
2022-12-18,集約16,4,2,0.2,11,151
2022-12-25,集約13,7,2,0.07,9,152
2022-12-25,集約14,4,3,0.21,8,152
2022-12-25,集約15,3,1,0.03,10,152
2022-12-25,集約16,4,4,0.05,7,152
2023-01-01,集約13,3,2,0.1,10,153
2023-01-01,集約14,3,3,0.07,7,153
2023-01-01,集約15,4,2,0.03,7,153
2023-01-01,集約16,7,4,0.18,11,153
2023-01-08,集約13,4,4,0.16,7,153
2023-01-08,集約14,3,5,0.15,7,153
2023-01-08,集約15,3,1,0.12,9,153
2023-01-08,集約16,4,5,0.03,10,153
2023-01-15,集約13,7,3,0.09,9,154
2023-01-15,集約14,7,2,0.04,7,154
2023-01-15,集約15,3,3,0.21,11,154
2023-01-15,集約16,3,4,0.12,9,154
2023-01-22,集約13,7,5,0.11,9,155
2023-01-22,集約14,4,5,0.07,8,155
2023-01-22,集約15,3,5,0.1,7,155
2023-01-22,集約16,3,3,0.22,11,155
2023-01-29,集約13,7,4,0.13,9,156
2023-01-29,集約14,4,2,0.14,9,156
2023-01-29,集約15,7,2,0.06,11,156
2023-01-29,集約16,4,3,0.05,7,156
2023-02-05,集約13,4,5,0.18,8,157
2023-02-05,集約14,4,1,0.21,9,157
2023-02-05,集約15,3,3,0.18,8,157
2023-02-05,集約16,7,3,0.14,10,157
2023-02-12,集約13,7,4,0.13,7,158
2023-02-12,集約14,4,2,0.22,10,158
2023-02-12,集約15,3,3,0.18,10,158
2023-02-12,集約16,3,3,0.2,10,158
2023-02-19,集約13,7,5,0.08,7,159
2023-02-19,集約14,3,5,0.1,7,159
2023-02-19,集約15,3,1,0.03,11,159
2023-02-19,集約16,4,4,0.18,8,159
2023-02-26,集約13,3,1,0.17,8,160
2023-02-26,集約14,4,5,0.2,11,160
2023-02-26,集約15,7,2,0.18,11,160
2023-02-26,集約16,3,5,0.13,10,160
2023-03-05,集約13,7,4,0.18,11,161
2023-03-05,集約14,7,5,0.03,9,161
2023-03-05,集約15,3,4,0.21,8,161
2023-03-05,集約16,3,4,0.1,11,161
2023-03-12,集約13,7,4,0.15,9,162
2023-03-12,集約14,3,4,0.18,9,162
2023-03-12,集約15,4,4,0.09,9,162
2023-03-12,集約16,4,2,0.03,9,162
2023-03-19,集約13,3,1,0.13,10,162
2023-03-19,集約14,7,3,0.15,9,162
2023-03-19,集約15,3,1,0.07,10,162
2023-03-19,集約16,3,4,0.08,10,162
2023-03-26,集約13,7,2,0.22,9,163
2023-03-26,集約14,7,5,0.04,8,163
2023-03-26,集約15,4,2,0.14,9,163
2023-03-26,集約16,7,4,0.02,9,163
2023-04-02,集約13,4,2,0.05,9,164
2023-04-02,集約14,7,2,0.2,8,164
2023-04-02,集約15,3,4,0.09,7,164
2023-04-02,集約16,4,2,0.08,7,164
2023-04-09,集約13,4,3,0.19,10,165
2023-04-09,集約14,4,3,0.2,10,165
2023-04-09,集約15,3,2,0.15,8,165
2023-04-09,集約16,3,5,0.18,11,165
2023-04-16,集約13,3,4,0.2,7,166
2023-04-16,集約14,3,3,0.13,10,166
2023-04-16,集約15,3,5,0.11,7,166
2023-04-16,集約16,4,2,0.2,8,166
2023-04-23,集約13,3,5,0.15,8,167
2023-04-23,集約14,4,1,0.06,11,167
2023-04-23,集約15,3,3,0.1,11,167
2023-04-23,集約16,7,2,0.14,8,167
2023-04-30,集約13,4,4,0.1,10,168
2023-04-30,集約14,7,2,0.06,7,168
2023-04-30,集約15,4,4,0.1,9,168
2023-04-30,集約16,7,2,0.08,11,168
2023-05-07,集約13,3,5,0.05,9,169
2023-05-07,集約14,3,5,0.09,10,169
2023-05-07,集約15,3,5,0.22,11,169
2023-05-07,集約16,4,1,0.08,9,169
2023-05-14,集約13,7,4,0.13,10,170
2023-05-14,集約14,3,5,0.08,7,170
2023-05-14,集約15,7,1,0.04,10,170
2023-05-14,集約16,7,4,0.18,11,170
2023-05-21,集約13,3,2,0.17,8,171
2023-05-21,集約14,3,1,0.16,7,171
2023-05-21,集約15,7,3,0.04,9,171
2023-05-21,集約16,3,1,0.02,11,171
2023-05-28,集約13,3,1,0.05,8,172
2023-05-28,集約14,3,4,0.07,10,172
2023-05-28,集約15,4,2,0.09,8,172
2023-05-28,集約16,7,3,0.03,11,172
2023-06-04,集約13,7,5,0.15,11,172
2023-06-04,集約14,4,5,0.06,8,172
2023-06-04,集約15,7,1,0.09,10,172
2023-06-04,集約16,3,4,0.1,8,172
2023-06-11,集約13,7,4,0.06,11,173
2023-06-11,集約14,3,5,0.03,11,173
2023-06-11,集約15,4,3,0.19,9,173
2023-06-11,集約16,3,2,0.15,9,173
2023-06-18,集約13,7,3,0.13,7,174
2023-06-18,集約14,7,2,0.2,11,174
2023-06-18,集約15,7,5,0.09,9,174
2023-06-18,集約16,4,2,0.15,8,174
2023-06-25,集約13,4,4,0.21,10,175
2023-06-25,集約14,7,1,0.22,8,175
2023-06-25,集約15,3,1,0.1,10,175
2023-06-25,集約16,4,5,0.11,9,175
2023-07-02,集約13,7,4,0.06,7,176
2023-07-02,集約14,7,3,0.21,8,176
2023-07-02,集約15,4,4,0.03,8,176
2023-07-02,集約16,4,1,0.04,8,176
2023-07-09,集約13,4,1,0.08,10,177
2023-07-09,集約14,3,4,0.09,9,177
2023-07-09,集約15,3,4,0.14,8,177
2023-07-09,集約16,7,1,0.12,8,177
2023-07-16,集約13,4,3,0.17,7,178
2023-07-16,集約14,3,5,0.1,7,178
2023-07-16,集約15,4,5,0.05,9,178
2023-07-16,集約16,7,4,0.1,9,178
2023-07-23,集約13,3,5,0.16,11,179
2023-07-23,集約14,3,1,0.2,7,179
2023-07-23,集約15,3,1,0.08,11,179
2023-07-23,集約16,7,4,0.06,10,179
2023-07-30,集約13,4,4,0.18,11,180
2023-07-30,集約14,3,4,0.06,8,180
2023-07-30,集約15,7,3,0.16,11,180
2023-07-30,集約16,4,5,0.05,9,180
2023-08-06,集約13,7,4,0.09,10,181
2023-08-06,集約14,4,2,0.16,8,181
2023-08-06,集約15,7,2,0.18,11,181
2023-08-06,集約16,4,1,0.08,10,181
2023-08-13,集約13,3,5,0.03,10,181
2023-08-13,集約14,4,4,0.18,8,181
2023-08-13,集約15,7,2,0.19,11,181
2023-08-13,集約16,7,5,0.21,10,181
2023-08-20,集約13,4,1,0.06,10,182
2023-08-20,集約14,3,3,0.2,7,182
2023-08-20,集約15,3,5,0.1,10,182
2023-08-20,集約16,4,5,0.14,7,182
2023-08-27,集約13,4,3,0.04,11,183
2023-08-27,集約14,7,5,0.05,11,183
2023-08-27,集約15,3,1,0.22,11,183
2023-08-27,集約16,4,1,0.2,9,183
2023-09-03,集約13,3,3,0.11,11,184
2023-09-03,集約14,4,4,0.16,10,184
2023-09-03,集約15,4,2,0.14,8,184
2023-09-03,集約16,3,4,0.16,7,184
2023-09-10,集約13,4,5,0.12,9,185
2023-09-10,集約14,4,2,0.16,11,185
2023-09-10,集約15,7,3,0.21,11,185
2023-09-10,集約16,4,3,0.14,8,185
2023-09-17,集約13,4,2,0.11,8,186
2023-09-17,集約14,4,1,0.2,9,186
2023-09-17,集約15,7,2,0.07,7,186
2023-09-17,集約16,3,5,0.13,11,186
2023-09-24,集約13,7,1,0.05,9,187
2023-09-24,集約14,7,3,0.21,10,187
2023-09-24,集約15,3,2,0.03,10,187
2023-09-24,集約16,7,4,0.09,9,187
2023-10-01,集約13,3,4,0.15,11,188
2023-10-01,集約14,7,5,0.06,9,188
2023-10-01,集約15,3,4,0.11,11,188
2023-10-01,集約16,4,2,0.14,8,188
2023-10-08,集約13,7,2,0.19,9,189
2023-10-08,集約14,7,4,0.18,11,189
2023-10-08,集約15,7,2,0.17,9,189
2023-10-08,集約16,7,5,0.14,9,189
2023-10-15,集約13,4,1,0.1,11,190
2023-10-15,集約14,7,5,0.12,11,190
2023-10-15,集約15,4,5,0.1,7,190
2023-10-15,集約16,4,2,0.12,9,190
2023-10-22,集約13,4,1,0.05,10,190
2023-10-22,集約14,4,2,0.07,9,190
2023-10-22,集約15,3,3,0.18,9,190
2023-10-22,集約16,3,2,0.18,11,190
2023-10-29,集約13,7,2,0.2,9,191
2023-10-29,集約14,3,2,0.15,9,191
2023-10-29,集約15,3,1,0.06,10,191
2023-10-29,集約16,7,2,0.06,11,191
2023-11-05,集約13,7,1,0.11,9,192
2023-11-05,集約14,7,4,0.17,8,192
2023-11-05,集約15,3,3,0.04,7,192
2023-11-05,集約16,3,1,0.11,10,192
2023-11-12,集約13,7,4,0.07,9,193
2023-11-12,集約14,4,1,0.21,8,193
2023-11-12,集約15,7,1,0.11,9,193
2023-11-12,集約16,4,3,0.05,9,193
2023-11-19,集約13,4,5,0.09,11,194
2023-11-19,集約14,7,5,0.12,11,194
2023-11-19,集約15,7,1,0.19,11,194
2023-11-19,集約16,7,2,0.07,8,194
2023-11-26,集約13,3,4,0.05,9,195
2023-11-26,集約14,4,2,0.1,7,195
2023-11-26,集約15,3,2,0.21,10,195
2023-11-26,集約16,3,1,0.16,11,195
2023-12-03,集約13,7,1,0.21,11,196
2023-12-03,集約14,3,1,0.13,9,196
2023-12-03,集約15,7,1,0.22,9,196
2023-12-03,集約16,4,5,0.05,8,196
2023-12-10,集約13,7,1,0.22,8,197
2023-12-10,集約14,3,5,0.1,11,197
2023-12-10,集約15,3,5,0.14,9,197
2023-12-10,集約16,7,1,0.21,7,197
2023-12-17,集約13,7,3,0.06,10,198
2023-12-17,集約14,3,4,0.11,9,198
2023-12-17,集約15,4,2,0.21,9,198
2023-12-17,集約16,4,5,0.17,8,198
2023-12-24,集約13,7,4,0.05,10,199
2023-12-24,集約14,4,3,0.16,11,199
2023-12-24,集約15,3,2,0.06,9,199
2023-12-24,集約16,7,2,0.04,11,199
2023-12-31,集約13,3,5,0.12,9,200
2023-12-31,集約14,3,1,0.09,11,200
2023-12-31,集約15,4,3,0.14,10,200
2023-12-31,集約16,7,5,0.05,8,200
2021-01-10,集約5,7,3,0.18,10,2300
2021-01-10,集約6,4,1,0.07,7,2300
2021-01-10,集約7,3,1,0.14,8,2300
2021-01-10,集約8,3,5,0.14,10,2300
2021-01-17,集約5,3,1,0.12,7,2301
2021-01-17,集約6,3,4,0.17,9,2301
2021-01-17,集約7,7,2,0.03,9,2301
2021-01-17,集約8,7,5,0.12,11,2301
2021-01-24,集約5,4,3,0.1,8,2302
2021-01-24,集約6,4,4,0.17,9,2302
2021-01-24,集約7,7,5,0.04,8,2302
2021-01-24,集約8,7,1,0.05,9,2302
2021-01-31,集約5,3,1,0.07,11,2303
2021-01-31,集約6,3,1,0.06,10,2303
2021-01-31,集約7,4,1,0.17,11,2303
2021-01-31,集約8,7,3,0.09,7,2303
2021-02-07,集約5,4,4,0.13,9,2305
2021-02-07,集約6,7,2,0.19,7,2305
2021-02-07,集約7,3,3,0.2,7,2305
2021-02-07,集約8,4,3,0.17,8,2305
2021-02-14,集約5,4,2,0.21,9,2306
2021-02-14,集約6,7,2,0.06,7,2306
2021-02-14,集約7,3,1,0.06,10,2306
2021-02-14,集約8,4,3,0.13,7,2306
2021-02-21,集約5,3,5,0.18,10,2307
2021-02-21,集約6,4,2,0.21,8,2307
2021-02-21,集約7,3,2,0.07,7,2307
2021-02-21,集約8,7,4,0.16,11,2307
2021-02-28,集約5,4,5,0.11,8,2309
2021-02-28,集約6,4,5,0.1,10,2309
2021-02-28,集約7,3,2,0.06,8,2309
2021-02-28,集約8,3,1,0.1,7,2309
2021-03-07,集約5,4,4,0.1,9,2310
2021-03-07,集約6,7,5,0.11,9,2310
2021-03-07,集約7,3,2,0.15,10,2310
2021-03-07,集約8,3,5,0.06,10,2310
2021-03-14,集約5,3,4,0.14,9,2311
2021-03-14,集約6,4,4,0.19,10,2311
2021-03-14,集約7,4,3,0.06,8,2311
2021-03-14,集約8,4,2,0.05,11,2311
2021-03-21,集約5,4,4,0.08,11,2312
2021-03-21,集約6,7,3,0.06,8,2312
2021-03-21,集約7,7,3,0.09,11,2312
2021-03-21,集約8,4,5,0.22,7,2312
2021-03-28,集約5,7,5,0.22,8,2314
2021-03-28,集約6,3,3,0.13,10,2314
2021-03-28,集約7,3,5,0.2,8,2314
2021-03-28,集約8,3,4,0.12,9,2314
2021-04-04,集約5,4,1,0.15,10,2315
2021-04-04,集約6,3,4,0.19,9,2315
2021-04-04,集約7,7,3,0.08,10,2315
2021-04-04,集約8,4,3,0.04,11,2315
2021-04-11,集約5,7,4,0.12,8,2316
2021-04-11,集約6,3,5,0.2,7,2316
2021-04-11,集約7,3,5,0.13,10,2316
2021-04-11,集約8,3,3,0.2,10,2316
2021-04-18,集約5,4,2,0.19,9,2318
2021-04-18,集約6,7,5,0.2,11,2318
2021-04-18,集約7,4,4,0.16,9,2318
2021-04-18,集約8,4,5,0.04,9,2318
2021-04-25,集約5,3,4,0.17,11,2319
2021-04-25,集約6,4,3,0.22,7,2319
2021-04-25,集約7,4,5,0.14,9,2319
2021-04-25,集約8,3,4,0.18,9,2319
2021-05-02,集約5,4,3,0.2,10,2320
2021-05-02,集約6,3,2,0.12,11,2320
2021-05-02,集約7,3,4,0.06,8,2320
2021-05-02,集約8,3,2,0.05,7,2320
2021-05-09,集約5,3,2,0.19,7,2321
2021-05-09,集約6,4,1,0.04,11,2321
2021-05-09,集約7,3,5,0.06,10,2321
2021-05-09,集約8,3,4,0.06,10,2321
2021-05-16,集約5,4,2,0.14,11,2323
2021-05-16,集約6,4,1,0.05,10,2323
2021-05-16,集約7,7,3,0.18,7,2323
2021-05-16,集約8,4,4,0.14,7,2323
2021-05-23,集約5,4,2,0.03,8,2324
2021-05-23,集約6,7,5,0.21,11,2324
2021-05-23,集約7,4,1,0.15,9,2324
2021-05-23,集約8,4,2,0.18,9,2324
2021-05-30,集約5,4,5,0.22,8,2325
2021-05-30,集約6,4,2,0.05,8,2325
2021-05-30,集約7,7,4,0.22,10,2325
2021-05-30,集約8,4,4,0.11,8,2325
2021-06-06,集約5,4,4,0.02,8,2327
2021-06-06,集約6,7,1,0.22,9,2327
2021-06-06,集約7,3,4,0.07,10,2327
2021-06-06,集約8,7,5,0.07,8,2327
2021-06-13,集約5,3,2,0.1,8,2328
2021-06-13,集約6,7,3,0.06,10,2328
2021-06-13,集約7,7,5,0.13,11,2328
2021-06-13,集約8,4,5,0.07,10,2328
2021-06-20,集約5,3,4,0.1,9,2329
2021-06-20,集約6,4,1,0.03,11,2329
2021-06-20,集約7,3,2,0.11,7,2329
2021-06-20,集約8,7,1,0.07,10,2329
2021-06-27,集約5,7,2,0.11,9,2330
2021-06-27,集約6,3,2,0.07,11,2330
2021-06-27,集約7,4,1,0.13,10,2330
2021-06-27,集約8,4,5,0.2,8,2330
2021-07-04,集約5,4,2,0.05,10,2332
2021-07-04,集約6,4,1,0.05,7,2332
2021-07-04,集約7,7,2,0.12,10,2332
2021-07-04,集約8,7,3,0.09,11,2332
2021-07-11,集約5,7,5,0.18,11,2333
2021-07-11,集約6,7,4,0.16,10,2333
2021-07-11,集約7,7,2,0.18,11,2333
2021-07-11,集約8,4,3,0.19,8,2333
2021-07-18,集約5,4,4,0.07,10,2334
2021-07-18,集約6,4,4,0.08,8,2334
2021-07-18,集約7,4,2,0.14,8,2334
2021-07-18,集約8,7,1,0.11,9,2334
2021-07-25,集約5,7,2,0.15,10,2336
2021-07-25,集約6,7,3,0.19,11,2336
2021-07-25,集約7,3,4,0.2,8,2336
2021-07-25,集約8,4,2,0.21,9,2336
2021-08-01,集約5,4,1,0.03,10,2337
2021-08-01,集約6,7,2,0.1,10,2337
2021-08-01,集約7,4,5,0.03,7,2337
2021-08-01,集約8,4,1,0.07,7,2337
2021-08-08,集約5,7,3,0.2,8,2338
2021-08-08,集約6,3,4,0.07,7,2338
2021-08-08,集約7,3,2,0.16,8,2338
2021-08-08,集約8,3,1,0.13,11,2338
2021-08-15,集約5,7,5,0.1,8,2340
2021-08-15,集約6,4,1,0.06,7,2340
2021-08-15,集約7,7,5,0.15,11,2340
2021-08-15,集約8,7,3,0.22,7,2340
2021-08-22,集約5,4,4,0.13,8,2341
2021-08-22,集約6,3,3,0.1,9,2341
2021-08-22,集約7,3,2,0.1,10,2341
2021-08-22,集約8,7,1,0.08,7,2341
2021-08-29,集約5,3,5,0.1,8,2342
2021-08-29,集約6,7,5,0.12,11,2342
2021-08-29,集約7,7,1,0.17,7,2342
2021-08-29,集約8,4,1,0.07,7,2342
2021-09-05,集約5,4,2,0.03,10,2343
2021-09-05,集約6,4,3,0.03,8,2343
2021-09-05,集約7,7,5,0.18,9,2343
2021-09-05,集約8,4,2,0.2,11,2343
2021-09-12,集約5,3,3,0.17,8,2345
2021-09-12,集約6,3,2,0.18,11,2345
2021-09-12,集約7,7,5,0.06,7,2345
2021-09-12,集約8,7,1,0.1,10,2345
2021-09-19,集約5,4,1,0.14,10,2346
2021-09-19,集約6,7,3,0.11,9,2346
2021-09-19,集約7,7,4,0.22,10,2346
2021-09-19,集約8,3,3,0.05,7,2346
2021-09-26,集約5,3,4,0.04,9,2347
2021-09-26,集約6,4,2,0.18,8,2347
2021-09-26,集約7,7,2,0.05,10,2347
2021-09-26,集約8,7,5,0.07,9,2347
2021-10-03,集約5,3,4,0.16,7,2349
2021-10-03,集約6,7,5,0.11,11,2349
2021-10-03,集約7,3,1,0.2,11,2349
2021-10-03,集約8,4,4,0.14,7,2349
2021-10-10,集約5,3,3,0.07,7,2350
2021-10-10,集約6,7,1,0.12,11,2350
2021-10-10,集約7,4,1,0.04,9,2350
2021-10-10,集約8,3,3,0.19,11,2350
2021-10-17,集約5,3,1,0.18,7,2351
2021-10-17,集約6,4,4,0.11,10,2351
2021-10-17,集約7,4,5,0.16,8,2351
2021-10-17,集約8,3,1,0.18,10,2351
2021-10-24,集約5,7,4,0.15,10,2352
2021-10-24,集約6,3,2,0.18,7,2352
2021-10-24,集約7,4,4,0.2,11,2352
2021-10-24,集約8,3,5,0.04,9,2352
2021-10-31,集約5,4,4,0.16,10,2354
2021-10-31,集約6,4,3,0.06,11,2354
2021-10-31,集約7,7,5,0.18,9,2354
2021-10-31,集約8,4,2,0.14,10,2354
2021-11-07,集約5,4,3,0.04,9,2355
2021-11-07,集約6,7,4,0.08,11,2355
2021-11-07,集約7,4,5,0.11,8,2355
2021-11-07,集約8,7,2,0.19,11,2355
2021-11-14,集約5,7,3,0.09,7,2356
2021-11-14,集約6,4,2,0.18,9,2356
2021-11-14,集約7,4,4,0.08,8,2356
2021-11-14,集約8,3,2,0.19,9,2356
2021-11-21,集約5,7,1,0.15,9,2358
2021-11-21,集約6,3,3,0.05,10,2358
2021-11-21,集約7,4,2,0.17,7,2358
2021-11-21,集約8,3,4,0.15,9,2358
2021-11-28,集約5,7,4,0.11,11,2359
2021-11-28,集約6,3,2,0.11,11,2359
2021-11-28,集約7,7,4,0.11,10,2359
2021-11-28,集約8,4,5,0.11,7,2359
2021-12-05,集約5,4,5,0.15,7,2360
2021-12-05,集約6,7,5,0.15,11,2360
2021-12-05,集約7,4,1,0.19,8,2360
2021-12-05,集約8,4,2,0.1,10,2360
2021-12-12,集約5,4,1,0.11,10,2361
2021-12-12,集約6,4,4,0.04,11,2361
2021-12-12,集約7,7,1,0.05,11,2361
2021-12-12,集約8,3,4,0.08,8,2361
2021-12-19,集約5,3,4,0.19,8,2363
2021-12-19,集約6,4,3,0.05,7,2363
2021-12-19,集約7,3,5,0.08,10,2363
2021-12-19,集約8,3,4,0.14,10,2363
2021-12-26,集約5,4,3,0.04,11,2364
2021-12-26,集約6,4,5,0.22,7,2364
2021-12-26,集約7,3,4,0.05,10,2364
2021-12-26,集約8,7,4,0.05,7,2364
2022-01-02,集約5,4,1,0.06,7,2365
2022-01-02,集約6,7,1,0.15,11,2365
2022-01-02,集約7,3,5,0.21,7,2365
2022-01-02,集約8,4,4,0.05,8,2365
2022-01-09,集約5,7,2,0.14,8,2367
2022-01-09,集約6,4,1,0.22,9,2367
2022-01-09,集約7,3,5,0.08,11,2367
2022-01-09,集約8,7,4,0.08,9,2367
2022-01-16,集約5,3,4,0.14,8,2368
2022-01-16,集約6,3,2,0.14,9,2368
2022-01-16,集約7,4,5,0.13,11,2368
2022-01-16,集約8,7,4,0.11,11,2368
2022-01-23,集約5,3,1,0.14,7,2369
2022-01-23,集約6,3,2,0.14,10,2369
2022-01-23,集約7,7,5,0.06,7,2369
2022-01-23,集約8,3,2,0.15,11,2369
2022-01-30,集約5,3,1,0.21,8,2370
2022-01-30,集約6,7,5,0.1,8,2370
2022-01-30,集約7,7,2,0.21,7,2370
2022-01-30,集約8,7,3,0.2,11,2370
2022-02-06,集約5,7,1,0.12,8,2372
2022-02-06,集約6,4,1,0.21,11,2372
2022-02-06,集約7,7,1,0.22,8,2372
2022-02-06,集約8,4,3,0.02,11,2372
2022-02-13,集約5,4,3,0.11,9,2373
2022-02-13,集約6,4,4,0.05,11,2373
2022-02-13,集約7,3,2,0.14,11,2373
2022-02-13,集約8,4,4,0.12,7,2373
2022-02-20,集約5,4,2,0.07,9,2374
2022-02-20,集約6,3,3,0.17,10,2374
2022-02-20,集約7,3,3,0.14,7,2374
2022-02-20,集約8,3,4,0.03,10,2374
2022-02-27,集約5,7,5,0.16,8,2376
2022-02-27,集約6,3,4,0.18,10,2376
2022-02-27,集約7,3,2,0.12,11,2376
2022-02-27,集約8,4,4,0.03,10,2376
2022-03-06,集約5,3,1,0.13,7,2377
2022-03-06,集約6,7,2,0.08,7,2377
2022-03-06,集約7,3,2,0.02,10,2377
2022-03-06,集約8,7,5,0.09,7,2377
2022-03-13,集約5,3,3,0.15,7,2378
2022-03-13,集約6,3,2,0.1,10,2378
2022-03-13,集約7,3,3,0.05,9,2378
2022-03-13,集約8,3,4,0.09,9,2378
2022-03-20,集約5,7,1,0.1,8,2380
2022-03-20,集約6,7,5,0.17,7,2380
2022-03-20,集約7,4,3,0.2,10,2380
2022-03-20,集約8,7,2,0.14,7,2380
2022-03-27,集約5,3,3,0.21,11,2381
2022-03-27,集約6,4,2,0.19,7,2381
2022-03-27,集約7,4,3,0.11,7,2381
2022-03-27,集約8,4,2,0.06,9,2381
2022-04-03,集約5,3,4,0.07,10,2382
2022-04-03,集約6,7,2,0.04,7,2382
2022-04-03,集約7,3,2,0.16,9,2382
2022-04-03,集約8,4,1,0.04,8,2382
2022-04-10,集約5,3,2,0.05,9,2383
2022-04-10,集約6,3,1,0.19,9,2383
2022-04-10,集約7,7,5,0.18,9,2383
2022-04-10,集約8,7,1,0.18,7,2383
2022-04-17,集約5,4,4,0.19,7,2385
2022-04-17,集約6,3,1,0.09,8,2385
2022-04-17,集約7,3,5,0.16,11,2385
2022-04-17,集約8,7,4,0.2,11,2385
2022-04-24,集約5,3,3,0.12,11,2386
2022-04-24,集約6,3,3,0.05,8,2386
2022-04-24,集約7,3,1,0.11,11,2386
2022-04-24,集約8,7,1,0.15,11,2386
2022-05-01,集約5,4,5,0.15,9,2387
2022-05-01,集約6,4,5,0.12,7,2387
2022-05-01,集約7,3,2,0.06,7,2387
2022-05-01,集約8,4,5,0.15,9,2387
2022-05-08,集約5,7,2,0.12,9,2389
2022-05-08,集約6,7,4,0.06,9,2389
2022-05-08,集約7,4,1,0.11,7,2389
2022-05-08,集約8,4,4,0.1,11,2389
2022-05-15,集約5,3,5,0.11,9,2390
2022-05-15,集約6,4,4,0.1,8,2390
2022-05-15,集約7,3,4,0.16,9,2390
2022-05-15,集約8,3,4,0.08,10,2390
2022-05-22,集約5,7,5,0.16,9,2391
2022-05-22,集約6,7,4,0.19,7,2391
2022-05-22,集約7,7,2,0.2,9,2391
2022-05-22,集約8,7,5,0.15,10,2391
2022-05-29,集約5,4,4,0.03,8,2392
2022-05-29,集約6,7,5,0.16,11,2392
2022-05-29,集約7,4,3,0.16,9,2392
2022-05-29,集約8,7,2,0.18,10,2392
2022-06-05,集約5,4,4,0.05,10,2394
2022-06-05,集約6,3,3,0.12,8,2394
2022-06-05,集約7,4,3,0.1,7,2394
2022-06-05,集約8,4,5,0.15,9,2394
2022-06-12,集約5,7,3,0.12,10,2395
2022-06-12,集約6,4,2,0.12,8,2395
2022-06-12,集約7,3,2,0.12,11,2395
2022-06-12,集約8,3,1,0.06,10,2395
2022-06-19,集約5,7,2,0.08,8,2396
2022-06-19,集約6,3,3,0.21,7,2396
2022-06-19,集約7,4,2,0.09,7,2396
2022-06-19,集約8,3,5,0.18,10,2396
2022-06-26,集約5,7,1,0.19,10,2398
2022-06-26,集約6,4,3,0.13,9,2398
2022-06-26,集約7,7,1,0.14,8,2398
2022-06-26,集約8,4,3,0.1,10,2398
2022-07-03,集約5,3,5,0.21,9,2399
2022-07-03,集約6,7,1,0.17,9,2399
2022-07-03,集約7,7,4,0.18,10,2399
2022-07-03,集約8,4,3,0.06,7,2399
2022-07-10,集約5,7,4,0.12,8,2400
2022-07-10,集約6,4,1,0.16,8,2400
2022-07-10,集約7,4,4,0.21,7,2400
2022-07-10,集約8,4,4,0.03,10,2400
2022-07-17,集約5,4,1,0.19,8,2401
2022-07-17,集約6,3,5,0.15,10,2401
2022-07-17,集約7,4,4,0.05,10,2401
2022-07-17,集約8,7,4,0.05,9,2401
2022-07-24,集約5,3,5,0.09,7,2403
2022-07-24,集約6,7,4,0.14,10,2403
2022-07-24,集約7,3,4,0.1,11,2403
2022-07-24,集約8,4,4,0.1,7,2403
2022-07-31,集約5,3,2,0.13,8,2404
2022-07-31,集約6,3,5,0.18,9,2404
2022-07-31,集約7,7,4,0.1,8,2404
2022-07-31,集約8,7,5,0.16,8,2404
2022-08-07,集約5,4,3,0.05,7,2405
2022-08-07,集約6,3,3,0.18,8,2405
2022-08-07,集約7,3,4,0.06,10,2405
2022-08-07,集約8,3,5,0.1,8,2405
2022-08-14,集約5,4,5,0.08,9,2407
2022-08-14,集約6,4,5,0.13,9,2407
2022-08-14,集約7,4,2,0.18,11,2407
2022-08-14,集約8,4,3,0.17,9,2407
2022-08-21,集約5,4,5,0.12,8,2408
2022-08-21,集約6,7,5,0.16,9,2408
2022-08-21,集約7,3,2,0.16,7,2408
2022-08-21,集約8,3,2,0.21,9,2408
2022-08-28,集約5,3,5,0.14,10,2409
2022-08-28,集約6,3,1,0.13,7,2409
2022-08-28,集約7,3,5,0.03,11,2409
2022-08-28,集約8,3,5,0.09,10,2409
2022-09-04,集約5,3,2,0.17,8,2410
2022-09-04,集約6,3,2,0.05,8,2410
2022-09-04,集約7,7,5,0.13,8,2410
2022-09-04,集約8,3,5,0.2,10,2410
2022-09-11,集約5,7,5,0.14,10,2412
2022-09-11,集約6,4,2,0.07,10,2412
2022-09-11,集約7,3,5,0.06,7,2412
2022-09-11,集約8,4,5,0.07,7,2412
2022-09-18,集約5,4,4,0.22,8,2413
2022-09-18,集約6,4,1,0.08,9,2413
2022-09-18,集約7,7,3,0.08,8,2413
2022-09-18,集約8,4,1,0.06,11,2413
2022-09-25,集約5,4,4,0.21,7,2414
2022-09-25,集約6,4,3,0.1,10,2414
2022-09-25,集約7,3,5,0.07,7,2414
2022-09-25,集約8,3,4,0.19,10,2414
2022-10-02,集約5,7,5,0.07,11,2416
2022-10-02,集約6,7,2,0.12,11,2416
2022-10-02,集約7,3,4,0.06,7,2416
2022-10-02,集約8,7,2,0.17,10,2416
2022-10-09,集約5,3,4,0.14,11,2417
2022-10-09,集約6,4,4,0.17,8,2417
2022-10-09,集約7,4,2,0.2,8,2417
2022-10-09,集約8,7,3,0.1,10,2417
2022-10-16,集約5,3,1,0.2,7,2418
2022-10-16,集約6,3,5,0.09,11,2418
2022-10-16,集約7,7,4,0.06,7,2418
2022-10-16,集約8,3,5,0.14,8,2418
2022-10-23,集約5,4,2,0.05,11,2420
2022-10-23,集約6,7,5,0.21,7,2420
2022-10-23,集約7,7,2,0.1,9,2420
2022-10-23,集約8,3,5,0.14,10,2420
2022-10-30,集約5,7,1,0.16,10,2421
2022-10-30,集約6,3,1,0.15,9,2421
2022-10-30,集約7,3,1,0.12,8,2421
2022-10-30,集約8,3,1,0.05,11,2421
2022-11-06,集約5,3,1,0.13,10,2422
2022-11-06,集約6,3,1,0.03,9,2422
2022-11-06,集約7,7,2,0.03,9,2422
2022-11-06,集約8,4,4,0.1,8,2422
2022-11-13,集約5,4,5,0.14,8,2423
2022-11-13,集約6,7,1,0.19,7,2423
2022-11-13,集約7,7,2,0.2,10,2423
2022-11-13,集約8,4,2,0.14,7,2423
2022-11-20,集約5,4,2,0.05,9,2425
2022-11-20,集約6,4,4,0.15,11,2425
2022-11-20,集約7,4,5,0.04,11,2425
2022-11-20,集約8,4,4,0.18,8,2425
2022-11-27,集約5,3,3,0.06,11,2426
2022-11-27,集約6,7,2,0.08,11,2426
2022-11-27,集約7,3,3,0.09,11,2426
2022-11-27,集約8,4,1,0.19,9,2426
2022-12-04,集約5,4,1,0.17,11,2427
2022-12-04,集約6,4,4,0.12,11,2427
2022-12-04,集約7,3,5,0.06,11,2427
2022-12-04,集約8,3,3,0.17,7,2427
2022-12-11,集約5,4,5,0.2,9,2429
2022-12-11,集約6,3,4,0.11,8,2429
2022-12-11,集約7,3,1,0.02,7,2429
2022-12-11,集約8,4,5,0.21,10,2429
2022-12-18,集約5,3,5,0.14,9,2430
2022-12-18,集約6,7,1,0.04,9,2430
2022-12-18,集約7,7,3,0.13,10,2430
2022-12-18,集約8,7,1,0.2,10,2430
2022-12-25,集約5,7,5,0.2,10,2431
2022-12-25,集約6,4,3,0.17,8,2431
2022-12-25,集約7,4,3,0.13,11,2431
2022-12-25,集約8,4,1,0.17,9,2431
2023-01-01,集約5,7,5,0.06,11,2432
2023-01-01,集約6,7,4,0.21,11,2432
2023-01-01,集約7,3,5,0.05,10,2432
2023-01-01,集約8,3,2,0.1,8,2432
2023-01-08,集約5,7,4,0.09,7,2434
2023-01-08,集約6,7,3,0.2,8,2434
2023-01-08,集約7,7,4,0.11,11,2434
2023-01-08,集約8,7,3,0.18,8,2434
2023-01-15,集約5,3,3,0.19,10,2435
2023-01-15,集約6,7,4,0.03,7,2435
2023-01-15,集約7,3,3,0.05,10,2435
2023-01-15,集約8,7,3,0.14,7,2435
2023-01-22,集約5,7,2,0.2,11,2436
2023-01-22,集約6,7,5,0.18,7,2436
2023-01-22,集約7,3,5,0.15,7,2436
2023-01-22,集約8,3,2,0.03,7,2436
2023-01-29,集約5,4,4,0.09,8,2438
2023-01-29,集約6,7,1,0.09,8,2438
2023-01-29,集約7,4,1,0.13,11,2438
2023-01-29,集約8,4,1,0.17,7,2438
2023-02-05,集約5,3,2,0.06,9,2439
2023-02-05,集約6,3,2,0.03,11,2439
2023-02-05,集約7,4,3,0.04,7,2439
2023-02-05,集約8,7,1,0.18,7,2439
2023-02-12,集約5,3,4,0.13,8,2440
2023-02-12,集約6,7,4,0.21,11,2440
2023-02-12,集約7,7,1,0.15,7,2440
2023-02-12,集約8,4,1,0.12,7,2440
2023-02-19,集約5,4,1,0.21,11,2441
2023-02-19,集約6,4,2,0.07,9,2441
2023-02-19,集約7,4,2,0.06,11,2441
2023-02-19,集約8,3,2,0.04,11,2441
2023-02-26,集約5,3,5,0.12,9,2443
2023-02-26,集約6,4,4,0.14,11,2443
2023-02-26,集約7,3,4,0.19,7,2443
2023-02-26,集約8,4,3,0.05,11,2443
2023-03-05,集約5,7,2,0.13,9,2444
2023-03-05,集約6,7,5,0.06,10,2444
2023-03-05,集約7,7,5,0.09,11,2444
2023-03-05,集約8,4,4,0.04,8,2444
2023-03-12,集約5,7,2,0.1,7,2445
2023-03-12,集約6,3,3,0.16,7,2445
2023-03-12,集約7,7,2,0.17,8,2445
2023-03-12,集約8,7,1,0.21,8,2445
2023-03-19,集約5,7,2,0.13,11,2447
2023-03-19,集約6,3,1,0.02,8,2447
2023-03-19,集約7,4,1,0.07,10,2447
2023-03-19,集約8,3,3,0.03,9,2447
2023-03-26,集約5,4,4,0.07,8,2448
2023-03-26,集約6,4,2,0.05,8,2448
2023-03-26,集約7,7,1,0.17,10,2448
2023-03-26,集約8,4,2,0.08,7,2448
2023-04-02,集約5,3,4,0.15,7,2449
2023-04-02,集約6,3,4,0.15,11,2449
2023-04-02,集約7,4,5,0.22,10,2449
2023-04-02,集約8,7,4,0.19,9,2449
2023-04-09,集約5,7,3,0.04,9,2450
2023-04-09,集約6,3,1,0.19,10,2450
2023-04-09,集約7,7,5,0.19,9,2450
2023-04-09,集約8,4,3,0.21,7,2450
2023-04-16,集約5,4,2,0.17,9,2452
2023-04-16,集約6,3,1,0.04,9,2452
2023-04-16,集約7,4,4,0.09,10,2452
2023-04-16,集約8,3,1,0.13,10,2452
2023-04-23,集約5,4,2,0.12,9,2453
2023-04-23,集約6,3,5,0.19,8,2453
2023-04-23,集約7,7,5,0.08,10,2453
2023-04-23,集約8,4,5,0.13,11,2453
2023-04-30,集約5,4,4,0.13,11,2454
2023-04-30,集約6,3,3,0.14,7,2454
2023-04-30,集約7,3,3,0.05,9,2454
2023-04-30,集約8,4,1,0.14,8,2454
2023-05-07,集約5,3,4,0.1,7,2456
2023-05-07,集約6,4,5,0.07,9,2456
2023-05-07,集約7,7,5,0.11,10,2456
2023-05-07,集約8,3,2,0.13,11,2456
2023-05-14,集約5,4,2,0.07,8,2457
2023-05-14,集約6,7,5,0.2,11,2457
2023-05-14,集約7,7,5,0.13,10,2457
2023-05-14,集約8,4,4,0.06,9,2457
2023-05-21,集約5,3,3,0.17,10,2458
2023-05-21,集約6,4,2,0.19,10,2458
2023-05-21,集約7,7,3,0.15,11,2458
2023-05-21,集約8,4,4,0.11,8,2458
2023-05-28,集約5,3,5,0.14,10,2460
2023-05-28,集約6,7,3,0.07,11,2460
2023-05-28,集約7,4,5,0.14,8,2460
2023-05-28,集約8,3,5,0.05,9,2460
2023-06-04,集約5,7,1,0.06,9,2461
2023-06-04,集約6,3,3,0.1,7,2461
2023-06-04,集約7,7,3,0.1,11,2461
2023-06-04,集約8,4,5,0.17,8,2461
2023-06-11,集約5,3,4,0.14,10,2462
2023-06-11,集約6,7,1,0.11,9,2462
2023-06-11,集約7,3,5,0.05,8,2462
2023-06-11,集約8,3,2,0.15,11,2462
2023-06-18,集約5,4,2,0.09,7,2463
2023-06-18,集約6,3,1,0.11,9,2463
2023-06-18,集約7,7,4,0.03,8,2463
2023-06-18,集約8,7,5,0.18,8,2463
2023-06-25,集約5,7,3,0.06,8,2465
2023-06-25,集約6,7,1,0.2,11,2465
2023-06-25,集約7,4,4,0.05,11,2465
2023-06-25,集約8,3,3,0.08,11,2465
2023-07-02,集約5,4,2,0.1,10,2466
2023-07-02,集約6,3,2,0.06,8,2466
2023-07-02,集約7,3,3,0.06,9,2466
2023-07-02,集約8,3,1,0.16,11,2466
2023-07-09,集約5,4,2,0.16,11,2467
2023-07-09,集約6,3,5,0.06,8,2467
2023-07-09,集約7,4,3,0.07,11,2467
2023-07-09,集約8,7,3,0.07,10,2467
2023-07-16,集約5,7,2,0.14,10,2469
2023-07-16,集約6,3,1,0.09,11,2469
2023-07-16,集約7,4,5,0.19,8,2469
2023-07-16,集約8,7,1,0.22,8,2469
2023-07-23,集約5,4,4,0.12,8,2470
2023-07-23,集約6,4,4,0.12,7,2470
2023-07-23,集約7,3,2,0.21,11,2470
2023-07-23,集約8,7,2,0.04,8,2470
2023-07-30,集約5,3,2,0.18,10,2471
2023-07-30,集約6,3,4,0.12,9,2471
2023-07-30,集約7,7,1,0.11,9,2471
2023-07-30,集約8,7,1,0.08,8,2471
2023-08-06,集約5,4,2,0.1,9,2472
2023-08-06,集約6,7,5,0.16,9,2472
2023-08-06,集約7,4,1,0.14,7,2472
2023-08-06,集約8,4,4,0.17,10,2472
2023-08-13,集約5,4,3,0.03,10,2474
2023-08-13,集約6,7,3,0.14,7,2474
2023-08-13,集約7,3,3,0.05,7,2474
2023-08-13,集約8,4,5,0.16,9,2474
2023-08-20,集約5,3,2,0.2,11,2475
2023-08-20,集約6,3,4,0.17,9,2475
2023-08-20,集約7,7,5,0.08,7,2475
2023-08-20,集約8,3,4,0.1,10,2475
2023-08-27,集約5,3,4,0.16,9,2476
2023-08-27,集約6,7,2,0.06,11,2476
2023-08-27,集約7,4,3,0.1,9,2476
2023-08-27,集約8,3,2,0.07,8,2476
2023-09-03,集約5,7,5,0.05,9,2478
2023-09-03,集約6,3,5,0.06,7,2478
2023-09-03,集約7,3,5,0.19,10,2478
2023-09-03,集約8,4,2,0.13,10,2478
2023-09-10,集約5,3,4,0.21,7,2479
2023-09-10,集約6,7,4,0.22,8,2479
2023-09-10,集約7,3,1,0.2,7,2479
2023-09-10,集約8,4,5,0.18,9,2479
2023-09-17,集約5,4,4,0.03,7,2480
2023-09-17,集約6,7,1,0.16,7,2480
2023-09-17,集約7,4,4,0.02,8,2480
2023-09-17,集約8,3,5,0.21,9,2480
2023-09-24,集約5,4,3,0.05,11,2481
2023-09-24,集約6,7,5,0.09,11,2481
2023-09-24,集約7,4,2,0.16,10,2481
2023-09-24,集約8,4,4,0.1,7,2481
2023-10-01,集約5,4,4,0.09,10,2483
2023-10-01,集約6,7,2,0.1,8,2483
2023-10-01,集約7,4,2,0.05,11,2483
2023-10-01,集約8,4,3,0.05,7,2483
2023-10-08,集約5,3,4,0.04,8,2484
2023-10-08,集約6,7,4,0.11,8,2484
2023-10-08,集約7,4,3,0.16,7,2484
2023-10-08,集約8,7,1,0.07,8,2484
2023-10-15,集約5,4,3,0.07,7,2485
2023-10-15,集約6,4,5,0.15,7,2485
2023-10-15,集約7,4,4,0.12,9,2485
2023-10-15,集約8,3,2,0.16,10,2485
2023-10-22,集約5,3,5,0.21,8,2487
2023-10-22,集約6,3,4,0.17,8,2487
2023-10-22,集約7,7,3,0.21,9,2487
2023-10-22,集約8,7,5,0.08,9,2487
2023-10-29,集約5,3,4,0.07,9,2488
2023-10-29,集約6,7,1,0.2,11,2488
2023-10-29,集約7,4,1,0.09,11,2488
2023-10-29,集約8,4,2,0.08,11,2488
2023-11-05,集約5,4,4,0.13,7,2489
2023-11-05,集約6,3,1,0.16,8,2489
2023-11-05,集約7,7,3,0.18,10,2489
2023-11-05,集約8,3,4,0.2,7,2489
2023-11-12,集約5,7,3,0.19,8,2490
2023-11-12,集約6,4,3,0.1,8,2490
2023-11-12,集約7,3,1,0.18,9,2490
2023-11-12,集約8,7,4,0.19,9,2490
2023-11-19,集約5,7,5,0.12,7,2492
2023-11-19,集約6,4,1,0.16,9,2492
2023-11-19,集約7,3,1,0.03,8,2492
2023-11-19,集約8,3,4,0.04,9,2492
2023-11-26,集約5,3,4,0.12,11,2493
2023-11-26,集約6,4,3,0.1,9,2493
2023-11-26,集約7,3,4,0.18,8,2493
2023-11-26,集約8,4,3,0.04,7,2493
2023-12-03,集約5,4,1,0.2,10,2494
2023-12-03,集約6,4,2,0.1,9,2494
2023-12-03,集約7,7,5,0.18,8,2494
2023-12-03,集約8,3,1,0.08,10,2494
2023-12-10,集約5,3,4,0.12,10,2496
2023-12-10,集約6,4,5,0.21,11,2496
2023-12-10,集約7,4,2,0.17,10,2496
2023-12-10,集約8,3,2,0.14,8,2496
2023-12-17,集約5,4,3,0.16,8,2497
2023-12-17,集約6,3,5,0.06,9,2497
2023-12-17,集約7,7,3,0.06,9,2497
2023-12-17,集約8,4,1,0.15,9,2497
2023-12-24,集約5,3,5,0.19,10,2498
2023-12-24,集約6,4,1,0.03,10,2498
2023-12-24,集約7,3,3,0.2,11,2498
2023-12-24,集約8,3,5,0.04,9,2498
2023-12-31,集約5,4,3,0.08,7,2500
2023-12-31,集約6,7,5,0.14,11,2500
2023-12-31,集約7,3,3,0.15,7,2500
2023-12-31,集約8,3,2,0.15,10,2500
